{"op_code":0,"worker_id":"31469364-dd91-4ef9-9e72-6d99030bce30-23344272865088","study_name":"hyperparameter_search","directions":[1]}
{"op_code":0,"worker_id":"f40ac033-8c57-44cf-b02f-3e5067d90f6c-22750112302912","study_name":"hyperparameter_search","directions":[1]}
{"op_code":4,"worker_id":"31469364-dd91-4ef9-9e72-6d99030bce30-23344272865088","study_id":0,"datetime_start":"2026-04-20T21:02:18.626598"}
{"op_code":4,"worker_id":"f40ac033-8c57-44cf-b02f-3e5067d90f6c-22750112302912","study_id":0,"datetime_start":"2026-04-20T21:02:18.629131"}
{"op_code":5,"worker_id":"f40ac033-8c57-44cf-b02f-3e5067d90f6c-22750112302912","trial_id":1,"param_name":"learning_rate","param_value_internal":0.006400369183564024,"distribution":"{\"name\": \"FloatDistribution\", \"attributes\": {\"step\": null, \"low\": 0.0056, \"high\": 0.008, \"log\": true}}"}
{"op_code":5,"worker_id":"31469364-dd91-4ef9-9e72-6d99030bce30-23344272865088","trial_id":0,"param_name":"learning_rate","param_value_internal":0.006400369183564024,"distribution":"{\"name\": \"FloatDistribution\", \"attributes\": {\"step\": null, \"low\": 0.0056, \"high\": 0.008, \"log\": true}}"}
{"op_code":5,"worker_id":"31469364-dd91-4ef9-9e72-6d99030bce30-23344272865088","trial_id":0,"param_name":"trt_structure","param_value_internal":0,"distribution":"{\"name\": \"CategoricalDistribution\", \"attributes\": {\"choices\": [\"CA+SA+SA+CA\", \"CA+SA+SA+SA+CA\"]}}"}
{"op_code":5,"worker_id":"f40ac033-8c57-44cf-b02f-3e5067d90f6c-22750112302912","trial_id":1,"param_name":"trt_structure","param_value_internal":0,"distribution":"{\"name\": \"CategoricalDistribution\", \"attributes\": {\"choices\": [\"CA+SA+SA+CA\", \"CA+SA+SA+SA+CA\"]}}"}
{"op_code":5,"worker_id":"31469364-dd91-4ef9-9e72-6d99030bce30-23344272865088","trial_id":0,"param_name":"mse_weight","param_value_internal":0,"distribution":"{\"name\": \"CategoricalDistribution\", \"attributes\": {\"choices\": [0.1, 0.2, 0.5]}}"}
{"op_code":5,"worker_id":"f40ac033-8c57-44cf-b02f-3e5067d90f6c-22750112302912","trial_id":1,"param_name":"mse_weight","param_value_internal":0,"distribution":"{\"name\": \"CategoricalDistribution\", \"attributes\": {\"choices\": [0.1, 0.2, 0.5]}}"}
{"op_code":5,"worker_id":"31469364-dd91-4ef9-9e72-6d99030bce30-23344272865088","trial_id":0,"param_name":"pcc_weight","param_value_internal":1,"distribution":"{\"name\": \"CategoricalDistribution\", \"attributes\": {\"choices\": [0.5, 1.0, 2.0]}}"}
{"op_code":5,"worker_id":"f40ac033-8c57-44cf-b02f-3e5067d90f6c-22750112302912","trial_id":1,"param_name":"pcc_weight","param_value_internal":1,"distribution":"{\"name\": \"CategoricalDistribution\", \"attributes\": {\"choices\": [0.5, 1.0, 2.0]}}"}
{"op_code":5,"worker_id":"31469364-dd91-4ef9-9e72-6d99030bce30-23344272865088","trial_id":0,"param_name":"dropout","param_value_internal":0.07080725777960455,"distribution":"{\"name\": \"FloatDistribution\", \"attributes\": {\"step\": null, \"low\": 0.0, \"high\": 0.1, \"log\": false}}"}
{"op_code":5,"worker_id":"f40ac033-8c57-44cf-b02f-3e5067d90f6c-22750112302912","trial_id":1,"param_name":"dropout","param_value_internal":0.07080725777960455,"distribution":"{\"name\": \"FloatDistribution\", \"attributes\": {\"step\": null, \"low\": 0.0, \"high\": 0.1, \"log\": false}}"}
{"op_code":0,"worker_id":"4f146c47-03c3-4edb-82f3-d6367d1acc2c-23257508128576","study_name":"hyperparameter_search","directions":[1]}
{"op_code":0,"worker_id":"1c9746a8-c5b8-46b2-bc50-748d528df11e-23442886137664","study_name":"hyperparameter_search","directions":[1]}
{"op_code":4,"worker_id":"4f146c47-03c3-4edb-82f3-d6367d1acc2c-23257508128576","study_id":0,"datetime_start":"2026-04-20T21:02:19.480938"}
{"op_code":4,"worker_id":"1c9746a8-c5b8-46b2-bc50-748d528df11e-23442886137664","study_id":0,"datetime_start":"2026-04-20T21:02:19.483490"}
{"op_code":5,"worker_id":"4f146c47-03c3-4edb-82f3-d6367d1acc2c-23257508128576","trial_id":2,"param_name":"learning_rate","param_value_internal":0.006400369183564024,"distribution":"{\"name\": \"FloatDistribution\", \"attributes\": {\"step\": null, \"low\": 0.0056, \"high\": 0.008, \"log\": true}}"}
{"op_code":5,"worker_id":"1c9746a8-c5b8-46b2-bc50-748d528df11e-23442886137664","trial_id":3,"param_name":"learning_rate","param_value_internal":0.006400369183564024,"distribution":"{\"name\": \"FloatDistribution\", \"attributes\": {\"step\": null, \"low\": 0.0056, \"high\": 0.008, \"log\": true}}"}
{"op_code":5,"worker_id":"1c9746a8-c5b8-46b2-bc50-748d528df11e-23442886137664","trial_id":3,"param_name":"trt_structure","param_value_internal":0,"distribution":"{\"name\": \"CategoricalDistribution\", \"attributes\": {\"choices\": [\"CA+SA+SA+CA\", \"CA+SA+SA+SA+CA\"]}}"}
{"op_code":5,"worker_id":"1c9746a8-c5b8-46b2-bc50-748d528df11e-23442886137664","trial_id":3,"param_name":"mse_weight","param_value_internal":0,"distribution":"{\"name\": \"CategoricalDistribution\", \"attributes\": {\"choices\": [0.1, 0.2, 0.5]}}"}
{"op_code":5,"worker_id":"1c9746a8-c5b8-46b2-bc50-748d528df11e-23442886137664","trial_id":3,"param_name":"pcc_weight","param_value_internal":1,"distribution":"{\"name\": \"CategoricalDistribution\", \"attributes\": {\"choices\": [0.5, 1.0, 2.0]}}"}
{"op_code":5,"worker_id":"4f146c47-03c3-4edb-82f3-d6367d1acc2c-23257508128576","trial_id":2,"param_name":"trt_structure","param_value_internal":0,"distribution":"{\"name\": \"CategoricalDistribution\", \"attributes\": {\"choices\": [\"CA+SA+SA+CA\", \"CA+SA+SA+SA+CA\"]}}"}
{"op_code":5,"worker_id":"1c9746a8-c5b8-46b2-bc50-748d528df11e-23442886137664","trial_id":3,"param_name":"dropout","param_value_internal":0.07080725777960455,"distribution":"{\"name\": \"FloatDistribution\", \"attributes\": {\"step\": null, \"low\": 0.0, \"high\": 0.1, \"log\": false}}"}
{"op_code":5,"worker_id":"4f146c47-03c3-4edb-82f3-d6367d1acc2c-23257508128576","trial_id":2,"param_name":"mse_weight","param_value_internal":0,"distribution":"{\"name\": \"CategoricalDistribution\", \"attributes\": {\"choices\": [0.1, 0.2, 0.5]}}"}
{"op_code":5,"worker_id":"4f146c47-03c3-4edb-82f3-d6367d1acc2c-23257508128576","trial_id":2,"param_name":"pcc_weight","param_value_internal":1,"distribution":"{\"name\": \"CategoricalDistribution\", \"attributes\": {\"choices\": [0.5, 1.0, 2.0]}}"}
{"op_code":5,"worker_id":"4f146c47-03c3-4edb-82f3-d6367d1acc2c-23257508128576","trial_id":2,"param_name":"dropout","param_value_internal":0.07080725777960455,"distribution":"{\"name\": \"FloatDistribution\", \"attributes\": {\"step\": null, \"low\": 0.0, \"high\": 0.1, \"log\": false}}"}
{"op_code":7,"worker_id":"4f146c47-03c3-4edb-82f3-d6367d1acc2c-23257508128576","trial_id":2,"step":0,"intermediate_value":0.7853632485657408}
{"op_code":7,"worker_id":"1c9746a8-c5b8-46b2-bc50-748d528df11e-23442886137664","trial_id":3,"step":0,"intermediate_value":0.7686201271257902}
{"op_code":7,"worker_id":"f40ac033-8c57-44cf-b02f-3e5067d90f6c-22750112302912","trial_id":1,"step":0,"intermediate_value":0.7564311602659393}
{"op_code":7,"worker_id":"31469364-dd91-4ef9-9e72-6d99030bce30-23344272865088","trial_id":0,"step":0,"intermediate_value":0.757227383161846}
{"op_code":7,"worker_id":"4f146c47-03c3-4edb-82f3-d6367d1acc2c-23257508128576","trial_id":2,"step":1,"intermediate_value":0.7085395936380353}
{"op_code":7,"worker_id":"1c9746a8-c5b8-46b2-bc50-748d528df11e-23442886137664","trial_id":3,"step":1,"intermediate_value":0.7034315247284738}
{"op_code":7,"worker_id":"f40ac033-8c57-44cf-b02f-3e5067d90f6c-22750112302912","trial_id":1,"step":1,"intermediate_value":0.6856669062062314}
{"op_code":7,"worker_id":"31469364-dd91-4ef9-9e72-6d99030bce30-23344272865088","trial_id":0,"step":1,"intermediate_value":0.7053514133419907}
{"op_code":7,"worker_id":"4f146c47-03c3-4edb-82f3-d6367d1acc2c-23257508128576","trial_id":2,"step":2,"intermediate_value":0.7104210947689257}
{"op_code":7,"worker_id":"1c9746a8-c5b8-46b2-bc50-748d528df11e-23442886137664","trial_id":3,"step":2,"intermediate_value":0.6713949651048895}
{"op_code":7,"worker_id":"f40ac033-8c57-44cf-b02f-3e5067d90f6c-22750112302912","trial_id":1,"step":2,"intermediate_value":0.6814627595115126}
{"op_code":7,"worker_id":"31469364-dd91-4ef9-9e72-6d99030bce30-23344272865088","trial_id":0,"step":2,"intermediate_value":0.6788472407742551}
{"op_code":7,"worker_id":"4f146c47-03c3-4edb-82f3-d6367d1acc2c-23257508128576","trial_id":2,"step":3,"intermediate_value":0.6922114982939603}
{"op_code":7,"worker_id":"1c9746a8-c5b8-46b2-bc50-748d528df11e-23442886137664","trial_id":3,"step":3,"intermediate_value":0.6661355892817179}
{"op_code":7,"worker_id":"f40ac033-8c57-44cf-b02f-3e5067d90f6c-22750112302912","trial_id":1,"step":3,"intermediate_value":0.6934526688174197}
{"op_code":7,"worker_id":"31469364-dd91-4ef9-9e72-6d99030bce30-23344272865088","trial_id":0,"step":3,"intermediate_value":0.6885874731498852}
{"op_code":7,"worker_id":"4f146c47-03c3-4edb-82f3-d6367d1acc2c-23257508128576","trial_id":2,"step":4,"intermediate_value":0.6789157997097885}
{"op_code":7,"worker_id":"1c9746a8-c5b8-46b2-bc50-748d528df11e-23442886137664","trial_id":3,"step":4,"intermediate_value":0.7019698264306051}
{"op_code":7,"worker_id":"f40ac033-8c57-44cf-b02f-3e5067d90f6c-22750112302912","trial_id":1,"step":4,"intermediate_value":0.7389530152605291}
{"op_code":7,"worker_id":"31469364-dd91-4ef9-9e72-6d99030bce30-23344272865088","trial_id":0,"step":4,"intermediate_value":0.7237972418467203}
{"op_code":7,"worker_id":"4f146c47-03c3-4edb-82f3-d6367d1acc2c-23257508128576","trial_id":2,"step":5,"intermediate_value":0.6740385942291796}
{"op_code":7,"worker_id":"1c9746a8-c5b8-46b2-bc50-748d528df11e-23442886137664","trial_id":3,"step":5,"intermediate_value":0.7062071300389474}
{"op_code":7,"worker_id":"f40ac033-8c57-44cf-b02f-3e5067d90f6c-22750112302912","trial_id":1,"step":5,"intermediate_value":0.7061115607880709}
{"op_code":7,"worker_id":"31469364-dd91-4ef9-9e72-6d99030bce30-23344272865088","trial_id":0,"step":5,"intermediate_value":0.6968545788212827}
{"op_code":7,"worker_id":"4f146c47-03c3-4edb-82f3-d6367d1acc2c-23257508128576","trial_id":2,"step":6,"intermediate_value":0.662677780578011}
{"op_code":7,"worker_id":"1c9746a8-c5b8-46b2-bc50-748d528df11e-23442886137664","trial_id":3,"step":6,"intermediate_value":0.7158456308799878}
{"op_code":7,"worker_id":"f40ac033-8c57-44cf-b02f-3e5067d90f6c-22750112302912","trial_id":1,"step":6,"intermediate_value":0.6929270049981904}
{"op_code":7,"worker_id":"31469364-dd91-4ef9-9e72-6d99030bce30-23344272865088","trial_id":0,"step":6,"intermediate_value":0.6985700653310407}
{"op_code":7,"worker_id":"4f146c47-03c3-4edb-82f3-d6367d1acc2c-23257508128576","trial_id":2,"step":7,"intermediate_value":0.6536536624557093}
{"op_code":7,"worker_id":"1c9746a8-c5b8-46b2-bc50-748d528df11e-23442886137664","trial_id":3,"step":7,"intermediate_value":0.6902913482565629}
{"op_code":7,"worker_id":"f40ac033-8c57-44cf-b02f-3e5067d90f6c-22750112302912","trial_id":1,"step":7,"intermediate_value":0.7193481754838374}
{"op_code":7,"worker_id":"31469364-dd91-4ef9-9e72-6d99030bce30-23344272865088","trial_id":0,"step":7,"intermediate_value":0.6810076707287839}
{"op_code":7,"worker_id":"4f146c47-03c3-4edb-82f3-d6367d1acc2c-23257508128576","trial_id":2,"step":8,"intermediate_value":0.6727170295882643}
{"op_code":7,"worker_id":"1c9746a8-c5b8-46b2-bc50-748d528df11e-23442886137664","trial_id":3,"step":8,"intermediate_value":0.6857374373235201}
{"op_code":7,"worker_id":"f40ac033-8c57-44cf-b02f-3e5067d90f6c-22750112302912","trial_id":1,"step":8,"intermediate_value":0.7086385394397535}
{"op_code":7,"worker_id":"31469364-dd91-4ef9-9e72-6d99030bce30-23344272865088","trial_id":0,"step":8,"intermediate_value":0.6749643442923563}
{"op_code":7,"worker_id":"4f146c47-03c3-4edb-82f3-d6367d1acc2c-23257508128576","trial_id":2,"step":9,"intermediate_value":0.6563034831431874}
{"op_code":7,"worker_id":"1c9746a8-c5b8-46b2-bc50-748d528df11e-23442886137664","trial_id":3,"step":9,"intermediate_value":0.6764593762263917}
{"op_code":7,"worker_id":"f40ac033-8c57-44cf-b02f-3e5067d90f6c-22750112302912","trial_id":1,"step":9,"intermediate_value":0.688387602044825}
{"op_code":7,"worker_id":"31469364-dd91-4ef9-9e72-6d99030bce30-23344272865088","trial_id":0,"step":9,"intermediate_value":0.6582992986628884}
{"op_code":7,"worker_id":"4f146c47-03c3-4edb-82f3-d6367d1acc2c-23257508128576","trial_id":2,"step":10,"intermediate_value":0.6390440233966761}
{"op_code":7,"worker_id":"1c9746a8-c5b8-46b2-bc50-748d528df11e-23442886137664","trial_id":3,"step":10,"intermediate_value":0.6625164538099054}
{"op_code":7,"worker_id":"f40ac033-8c57-44cf-b02f-3e5067d90f6c-22750112302912","trial_id":1,"step":10,"intermediate_value":0.6824668666772675}
{"op_code":7,"worker_id":"31469364-dd91-4ef9-9e72-6d99030bce30-23344272865088","trial_id":0,"step":10,"intermediate_value":0.6497152301303127}
{"op_code":7,"worker_id":"4f146c47-03c3-4edb-82f3-d6367d1acc2c-23257508128576","trial_id":2,"step":11,"intermediate_value":0.6147281203353614}
{"op_code":7,"worker_id":"1c9746a8-c5b8-46b2-bc50-748d528df11e-23442886137664","trial_id":3,"step":11,"intermediate_value":0.6425483686882153}
{"op_code":7,"worker_id":"f40ac033-8c57-44cf-b02f-3e5067d90f6c-22750112302912","trial_id":1,"step":11,"intermediate_value":0.6459059788469683}
{"op_code":7,"worker_id":"31469364-dd91-4ef9-9e72-6d99030bce30-23344272865088","trial_id":0,"step":11,"intermediate_value":0.6299878839860883}
{"op_code":7,"worker_id":"4f146c47-03c3-4edb-82f3-d6367d1acc2c-23257508128576","trial_id":2,"step":12,"intermediate_value":0.6108932725170202}
{"op_code":7,"worker_id":"1c9746a8-c5b8-46b2-bc50-748d528df11e-23442886137664","trial_id":3,"step":12,"intermediate_value":0.6430778367477551}
{"op_code":7,"worker_id":"f40ac033-8c57-44cf-b02f-3e5067d90f6c-22750112302912","trial_id":1,"step":12,"intermediate_value":0.6386525223129674}
{"op_code":7,"worker_id":"31469364-dd91-4ef9-9e72-6d99030bce30-23344272865088","trial_id":0,"step":12,"intermediate_value":0.6134830807384691}
{"op_code":7,"worker_id":"4f146c47-03c3-4edb-82f3-d6367d1acc2c-23257508128576","trial_id":2,"step":13,"intermediate_value":0.594287003341474}
{"op_code":7,"worker_id":"1c9746a8-c5b8-46b2-bc50-748d528df11e-23442886137664","trial_id":3,"step":13,"intermediate_value":0.6291965068432323}
{"op_code":7,"worker_id":"f40ac033-8c57-44cf-b02f-3e5067d90f6c-22750112302912","trial_id":1,"step":13,"intermediate_value":0.6246143328516107}
{"op_code":7,"worker_id":"31469364-dd91-4ef9-9e72-6d99030bce30-23344272865088","trial_id":0,"step":13,"intermediate_value":0.6013894698076081}
{"op_code":7,"worker_id":"4f146c47-03c3-4edb-82f3-d6367d1acc2c-23257508128576","trial_id":2,"step":14,"intermediate_value":0.5861518414396989}
{"op_code":7,"worker_id":"1c9746a8-c5b8-46b2-bc50-748d528df11e-23442886137664","trial_id":3,"step":14,"intermediate_value":0.6170110775713336}
{"op_code":7,"worker_id":"f40ac033-8c57-44cf-b02f-3e5067d90f6c-22750112302912","trial_id":1,"step":14,"intermediate_value":0.605151373043395}
{"op_code":7,"worker_id":"31469364-dd91-4ef9-9e72-6d99030bce30-23344272865088","trial_id":0,"step":14,"intermediate_value":0.5974748228725634}
{"op_code":7,"worker_id":"4f146c47-03c3-4edb-82f3-d6367d1acc2c-23257508128576","trial_id":2,"step":15,"intermediate_value":0.5800299979092782}
{"op_code":7,"worker_id":"1c9746a8-c5b8-46b2-bc50-748d528df11e-23442886137664","trial_id":3,"step":15,"intermediate_value":0.6073955349754869}
{"op_code":7,"worker_id":"f40ac033-8c57-44cf-b02f-3e5067d90f6c-22750112302912","trial_id":1,"step":15,"intermediate_value":0.5992223317163032}
{"op_code":7,"worker_id":"31469364-dd91-4ef9-9e72-6d99030bce30-23344272865088","trial_id":0,"step":15,"intermediate_value":0.5870140079866376}
{"op_code":7,"worker_id":"4f146c47-03c3-4edb-82f3-d6367d1acc2c-23257508128576","trial_id":2,"step":16,"intermediate_value":0.5762154888688472}
{"op_code":7,"worker_id":"1c9746a8-c5b8-46b2-bc50-748d528df11e-23442886137664","trial_id":3,"step":16,"intermediate_value":0.6057392086899072}
{"op_code":7,"worker_id":"f40ac033-8c57-44cf-b02f-3e5067d90f6c-22750112302912","trial_id":1,"step":16,"intermediate_value":0.593397833799061}
{"op_code":7,"worker_id":"31469364-dd91-4ef9-9e72-6d99030bce30-23344272865088","trial_id":0,"step":16,"intermediate_value":0.5832962006853338}
{"op_code":7,"worker_id":"4f146c47-03c3-4edb-82f3-d6367d1acc2c-23257508128576","trial_id":2,"step":17,"intermediate_value":0.571424052380679}
{"op_code":7,"worker_id":"1c9746a8-c5b8-46b2-bc50-748d528df11e-23442886137664","trial_id":3,"step":17,"intermediate_value":0.5901264590129518}
{"op_code":7,"worker_id":"f40ac033-8c57-44cf-b02f-3e5067d90f6c-22750112302912","trial_id":1,"step":17,"intermediate_value":0.5915856288190473}
{"op_code":7,"worker_id":"31469364-dd91-4ef9-9e72-6d99030bce30-23344272865088","trial_id":0,"step":17,"intermediate_value":0.5789895005393446}
{"op_code":7,"worker_id":"4f146c47-03c3-4edb-82f3-d6367d1acc2c-23257508128576","trial_id":2,"step":18,"intermediate_value":0.5672214041676438}
{"op_code":7,"worker_id":"1c9746a8-c5b8-46b2-bc50-748d528df11e-23442886137664","trial_id":3,"step":18,"intermediate_value":0.5816886968779982}
{"op_code":7,"worker_id":"f40ac033-8c57-44cf-b02f-3e5067d90f6c-22750112302912","trial_id":1,"step":18,"intermediate_value":0.5854851613964951}
{"op_code":7,"worker_id":"31469364-dd91-4ef9-9e72-6d99030bce30-23344272865088","trial_id":0,"step":18,"intermediate_value":0.5780704889381141}
{"op_code":7,"worker_id":"4f146c47-03c3-4edb-82f3-d6367d1acc2c-23257508128576","trial_id":2,"step":19,"intermediate_value":0.5617698859750179}
{"op_code":7,"worker_id":"1c9746a8-c5b8-46b2-bc50-748d528df11e-23442886137664","trial_id":3,"step":19,"intermediate_value":0.5840678047715572}
{"op_code":7,"worker_id":"f40ac033-8c57-44cf-b02f-3e5067d90f6c-22750112302912","trial_id":1,"step":19,"intermediate_value":0.5759609268422712}
{"op_code":7,"worker_id":"31469364-dd91-4ef9-9e72-6d99030bce30-23344272865088","trial_id":0,"step":19,"intermediate_value":0.5722025706056963}
{"op_code":7,"worker_id":"4f146c47-03c3-4edb-82f3-d6367d1acc2c-23257508128576","trial_id":2,"step":20,"intermediate_value":0.5558687720382423}
{"op_code":7,"worker_id":"1c9746a8-c5b8-46b2-bc50-748d528df11e-23442886137664","trial_id":3,"step":20,"intermediate_value":0.5743909708240575}
{"op_code":7,"worker_id":"f40ac033-8c57-44cf-b02f-3e5067d90f6c-22750112302912","trial_id":1,"step":20,"intermediate_value":0.5723122985739457}
{"op_code":7,"worker_id":"31469364-dd91-4ef9-9e72-6d99030bce30-23344272865088","trial_id":0,"step":20,"intermediate_value":0.5626766441161173}
{"op_code":7,"worker_id":"4f146c47-03c3-4edb-82f3-d6367d1acc2c-23257508128576","trial_id":2,"step":21,"intermediate_value":0.5544285293211016}
{"op_code":7,"worker_id":"1c9746a8-c5b8-46b2-bc50-748d528df11e-23442886137664","trial_id":3,"step":21,"intermediate_value":0.5727186694479826}
{"op_code":7,"worker_id":"f40ac033-8c57-44cf-b02f-3e5067d90f6c-22750112302912","trial_id":1,"step":21,"intermediate_value":0.5661293184548094}
{"op_code":7,"worker_id":"31469364-dd91-4ef9-9e72-6d99030bce30-23344272865088","trial_id":0,"step":21,"intermediate_value":0.5620795185105842}
{"op_code":7,"worker_id":"4f146c47-03c3-4edb-82f3-d6367d1acc2c-23257508128576","trial_id":2,"step":22,"intermediate_value":0.5483773267059996}
{"op_code":7,"worker_id":"1c9746a8-c5b8-46b2-bc50-748d528df11e-23442886137664","trial_id":3,"step":22,"intermediate_value":0.5710597634315491}
{"op_code":7,"worker_id":"f40ac033-8c57-44cf-b02f-3e5067d90f6c-22750112302912","trial_id":1,"step":22,"intermediate_value":0.5611686947052938}
{"op_code":7,"worker_id":"31469364-dd91-4ef9-9e72-6d99030bce30-23344272865088","trial_id":0,"step":22,"intermediate_value":0.5583687550143192}
{"op_code":7,"worker_id":"4f146c47-03c3-4edb-82f3-d6367d1acc2c-23257508128576","trial_id":2,"step":23,"intermediate_value":0.543024504393862}
{"op_code":7,"worker_id":"1c9746a8-c5b8-46b2-bc50-748d528df11e-23442886137664","trial_id":3,"step":23,"intermediate_value":0.5729114256407085}
{"op_code":7,"worker_id":"f40ac033-8c57-44cf-b02f-3e5067d90f6c-22750112302912","trial_id":1,"step":23,"intermediate_value":0.5548420663465533}
{"op_code":7,"worker_id":"31469364-dd91-4ef9-9e72-6d99030bce30-23344272865088","trial_id":0,"step":23,"intermediate_value":0.556173817107552}
{"op_code":7,"worker_id":"4f146c47-03c3-4edb-82f3-d6367d1acc2c-23257508128576","trial_id":2,"step":24,"intermediate_value":0.5376747762947752}
{"op_code":7,"worker_id":"1c9746a8-c5b8-46b2-bc50-748d528df11e-23442886137664","trial_id":3,"step":24,"intermediate_value":0.5621096784608406}
{"op_code":7,"worker_id":"f40ac033-8c57-44cf-b02f-3e5067d90f6c-22750112302912","trial_id":1,"step":24,"intermediate_value":0.547074065919508}
{"op_code":7,"worker_id":"31469364-dd91-4ef9-9e72-6d99030bce30-23344272865088","trial_id":0,"step":24,"intermediate_value":0.5479861644276401}
{"op_code":7,"worker_id":"4f146c47-03c3-4edb-82f3-d6367d1acc2c-23257508128576","trial_id":2,"step":25,"intermediate_value":0.5317164047768241}
{"op_code":7,"worker_id":"1c9746a8-c5b8-46b2-bc50-748d528df11e-23442886137664","trial_id":3,"step":25,"intermediate_value":0.5545535098042405}
{"op_code":7,"worker_id":"f40ac033-8c57-44cf-b02f-3e5067d90f6c-22750112302912","trial_id":1,"step":25,"intermediate_value":0.5452257175194589}
{"op_code":7,"worker_id":"31469364-dd91-4ef9-9e72-6d99030bce30-23344272865088","trial_id":0,"step":25,"intermediate_value":0.5505800968722293}
{"op_code":7,"worker_id":"4f146c47-03c3-4edb-82f3-d6367d1acc2c-23257508128576","trial_id":2,"step":26,"intermediate_value":0.526413993877277}
{"op_code":7,"worker_id":"1c9746a8-c5b8-46b2-bc50-748d528df11e-23442886137664","trial_id":3,"step":26,"intermediate_value":0.551562343773089}
{"op_code":7,"worker_id":"f40ac033-8c57-44cf-b02f-3e5067d90f6c-22750112302912","trial_id":1,"step":26,"intermediate_value":0.5410759783627694}
{"op_code":7,"worker_id":"31469364-dd91-4ef9-9e72-6d99030bce30-23344272865088","trial_id":0,"step":26,"intermediate_value":0.546832589726699}
{"op_code":7,"worker_id":"4f146c47-03c3-4edb-82f3-d6367d1acc2c-23257508128576","trial_id":2,"step":27,"intermediate_value":0.5218784495403892}
{"op_code":7,"worker_id":"1c9746a8-c5b8-46b2-bc50-748d528df11e-23442886137664","trial_id":3,"step":27,"intermediate_value":0.5489949448066845}
{"op_code":7,"worker_id":"f40ac033-8c57-44cf-b02f-3e5067d90f6c-22750112302912","trial_id":1,"step":27,"intermediate_value":0.5326806929027825}
{"op_code":7,"worker_id":"31469364-dd91-4ef9-9e72-6d99030bce30-23344272865088","trial_id":0,"step":27,"intermediate_value":0.5423006049373693}
{"op_code":7,"worker_id":"4f146c47-03c3-4edb-82f3-d6367d1acc2c-23257508128576","trial_id":2,"step":28,"intermediate_value":0.5153336409936872}
{"op_code":7,"worker_id":"1c9746a8-c5b8-46b2-bc50-748d528df11e-23442886137664","trial_id":3,"step":28,"intermediate_value":0.5434896166910205}
{"op_code":7,"worker_id":"f40ac033-8c57-44cf-b02f-3e5067d90f6c-22750112302912","trial_id":1,"step":28,"intermediate_value":0.5300126666562599}
{"op_code":7,"worker_id":"31469364-dd91-4ef9-9e72-6d99030bce30-23344272865088","trial_id":0,"step":28,"intermediate_value":0.5392413599449292}
{"op_code":7,"worker_id":"4f146c47-03c3-4edb-82f3-d6367d1acc2c-23257508128576","trial_id":2,"step":29,"intermediate_value":0.5082121172495055}
{"op_code":7,"worker_id":"1c9746a8-c5b8-46b2-bc50-748d528df11e-23442886137664","trial_id":3,"step":29,"intermediate_value":0.5419803512723822}
{"op_code":7,"worker_id":"f40ac033-8c57-44cf-b02f-3e5067d90f6c-22750112302912","trial_id":1,"step":29,"intermediate_value":0.5260018209616343}
{"op_code":7,"worker_id":"31469364-dd91-4ef9-9e72-6d99030bce30-23344272865088","trial_id":0,"step":29,"intermediate_value":0.5335596376343777}
{"op_code":7,"worker_id":"4f146c47-03c3-4edb-82f3-d6367d1acc2c-23257508128576","trial_id":2,"step":30,"intermediate_value":0.5024585310827222}
{"op_code":7,"worker_id":"1c9746a8-c5b8-46b2-bc50-748d528df11e-23442886137664","trial_id":3,"step":30,"intermediate_value":0.538104190115343}
{"op_code":7,"worker_id":"f40ac033-8c57-44cf-b02f-3e5067d90f6c-22750112302912","trial_id":1,"step":30,"intermediate_value":0.5212899796795427}
{"op_code":7,"worker_id":"31469364-dd91-4ef9-9e72-6d99030bce30-23344272865088","trial_id":0,"step":30,"intermediate_value":0.5310405733292562}
{"op_code":7,"worker_id":"4f146c47-03c3-4edb-82f3-d6367d1acc2c-23257508128576","trial_id":2,"step":31,"intermediate_value":0.49443169696289196}
{"op_code":7,"worker_id":"1c9746a8-c5b8-46b2-bc50-748d528df11e-23442886137664","trial_id":3,"step":31,"intermediate_value":0.5315523670430768}
{"op_code":7,"worker_id":"f40ac033-8c57-44cf-b02f-3e5067d90f6c-22750112302912","trial_id":1,"step":31,"intermediate_value":0.5158885236372027}
{"op_code":7,"worker_id":"31469364-dd91-4ef9-9e72-6d99030bce30-23344272865088","trial_id":0,"step":31,"intermediate_value":0.526224051128354}
{"op_code":7,"worker_id":"4f146c47-03c3-4edb-82f3-d6367d1acc2c-23257508128576","trial_id":2,"step":32,"intermediate_value":0.4855517426080871}
{"op_code":7,"worker_id":"1c9746a8-c5b8-46b2-bc50-748d528df11e-23442886137664","trial_id":3,"step":32,"intermediate_value":0.529782410776406}
{"op_code":7,"worker_id":"f40ac033-8c57-44cf-b02f-3e5067d90f6c-22750112302912","trial_id":1,"step":32,"intermediate_value":0.5095631490673935}
{"op_code":7,"worker_id":"31469364-dd91-4ef9-9e72-6d99030bce30-23344272865088","trial_id":0,"step":32,"intermediate_value":0.5218919348298457}
{"op_code":7,"worker_id":"4f146c47-03c3-4edb-82f3-d6367d1acc2c-23257508128576","trial_id":2,"step":33,"intermediate_value":0.48049400929819075}
{"op_code":7,"worker_id":"1c9746a8-c5b8-46b2-bc50-748d528df11e-23442886137664","trial_id":3,"step":33,"intermediate_value":0.5261867239809873}
{"op_code":7,"worker_id":"f40ac033-8c57-44cf-b02f-3e5067d90f6c-22750112302912","trial_id":1,"step":33,"intermediate_value":0.5019514754153135}
{"op_code":7,"worker_id":"31469364-dd91-4ef9-9e72-6d99030bce30-23344272865088","trial_id":0,"step":33,"intermediate_value":0.5145188700734523}
{"op_code":7,"worker_id":"4f146c47-03c3-4edb-82f3-d6367d1acc2c-23257508128576","trial_id":2,"step":34,"intermediate_value":0.47380261097038}
{"op_code":7,"worker_id":"1c9746a8-c5b8-46b2-bc50-748d528df11e-23442886137664","trial_id":3,"step":34,"intermediate_value":0.5193155915067907}
{"op_code":7,"worker_id":"f40ac033-8c57-44cf-b02f-3e5067d90f6c-22750112302912","trial_id":1,"step":34,"intermediate_value":0.49679092566172284}
{"op_code":7,"worker_id":"31469364-dd91-4ef9-9e72-6d99030bce30-23344272865088","trial_id":0,"step":34,"intermediate_value":0.5104988599032686}
{"op_code":7,"worker_id":"4f146c47-03c3-4edb-82f3-d6367d1acc2c-23257508128576","trial_id":2,"step":35,"intermediate_value":0.46958948070542855}
{"op_code":7,"worker_id":"1c9746a8-c5b8-46b2-bc50-748d528df11e-23442886137664","trial_id":3,"step":35,"intermediate_value":0.5157383209780643}
{"op_code":7,"worker_id":"f40ac033-8c57-44cf-b02f-3e5067d90f6c-22750112302912","trial_id":1,"step":35,"intermediate_value":0.49287104972621854}
{"op_code":7,"worker_id":"31469364-dd91-4ef9-9e72-6d99030bce30-23344272865088","trial_id":0,"step":35,"intermediate_value":0.5064699398843866}
{"op_code":7,"worker_id":"4f146c47-03c3-4edb-82f3-d6367d1acc2c-23257508128576","trial_id":2,"step":36,"intermediate_value":0.463219798447793}
{"op_code":7,"worker_id":"1c9746a8-c5b8-46b2-bc50-748d528df11e-23442886137664","trial_id":3,"step":36,"intermediate_value":0.5132271229175099}
{"op_code":7,"worker_id":"f40ac033-8c57-44cf-b02f-3e5067d90f6c-22750112302912","trial_id":1,"step":36,"intermediate_value":0.4902310371398926}
{"op_code":7,"worker_id":"31469364-dd91-4ef9-9e72-6d99030bce30-23344272865088","trial_id":0,"step":36,"intermediate_value":0.5012197823900926}
{"op_code":7,"worker_id":"4f146c47-03c3-4edb-82f3-d6367d1acc2c-23257508128576","trial_id":2,"step":37,"intermediate_value":0.4565939369954561}
{"op_code":7,"worker_id":"1c9746a8-c5b8-46b2-bc50-748d528df11e-23442886137664","trial_id":3,"step":37,"intermediate_value":0.5036632021268209}
{"op_code":7,"worker_id":"f40ac033-8c57-44cf-b02f-3e5067d90f6c-22750112302912","trial_id":1,"step":37,"intermediate_value":0.4843206771633081}
{"op_code":7,"worker_id":"31469364-dd91-4ef9-9e72-6d99030bce30-23344272865088","trial_id":0,"step":37,"intermediate_value":0.49671872300014164}
{"op_code":7,"worker_id":"4f146c47-03c3-4edb-82f3-d6367d1acc2c-23257508128576","trial_id":2,"step":38,"intermediate_value":0.45189352202833744}
{"op_code":7,"worker_id":"1c9746a8-c5b8-46b2-bc50-748d528df11e-23442886137664","trial_id":3,"step":38,"intermediate_value":0.5008926088349861}
{"op_code":7,"worker_id":"f40ac033-8c57-44cf-b02f-3e5067d90f6c-22750112302912","trial_id":1,"step":38,"intermediate_value":0.4810454395779392}
{"op_code":7,"worker_id":"31469364-dd91-4ef9-9e72-6d99030bce30-23344272865088","trial_id":0,"step":38,"intermediate_value":0.4914690611655252}
{"op_code":7,"worker_id":"4f146c47-03c3-4edb-82f3-d6367d1acc2c-23257508128576","trial_id":2,"step":39,"intermediate_value":0.4505887962224191}
{"op_code":7,"worker_id":"1c9746a8-c5b8-46b2-bc50-748d528df11e-23442886137664","trial_id":3,"step":39,"intermediate_value":0.4966085757079877}
{"op_code":7,"worker_id":"f40ac033-8c57-44cf-b02f-3e5067d90f6c-22750112302912","trial_id":1,"step":39,"intermediate_value":0.4760199717262335}
{"op_code":7,"worker_id":"31469364-dd91-4ef9-9e72-6d99030bce30-23344272865088","trial_id":0,"step":39,"intermediate_value":0.4905555007750528}
{"op_code":7,"worker_id":"4f146c47-03c3-4edb-82f3-d6367d1acc2c-23257508128576","trial_id":2,"step":40,"intermediate_value":0.4444385568300883}
{"op_code":7,"worker_id":"1c9746a8-c5b8-46b2-bc50-748d528df11e-23442886137664","trial_id":3,"step":40,"intermediate_value":0.492585279439625}
{"op_code":7,"worker_id":"f40ac033-8c57-44cf-b02f-3e5067d90f6c-22750112302912","trial_id":1,"step":40,"intermediate_value":0.4702469147088235}
{"op_code":7,"worker_id":"31469364-dd91-4ef9-9e72-6d99030bce30-23344272865088","trial_id":0,"step":40,"intermediate_value":0.4825737084213056}
{"op_code":7,"worker_id":"4f146c47-03c3-4edb-82f3-d6367d1acc2c-23257508128576","trial_id":2,"step":41,"intermediate_value":0.44261147160279124}
{"op_code":7,"worker_id":"1c9746a8-c5b8-46b2-bc50-748d528df11e-23442886137664","trial_id":3,"step":41,"intermediate_value":0.48719609254284907}
{"op_code":7,"worker_id":"f40ac033-8c57-44cf-b02f-3e5067d90f6c-22750112302912","trial_id":1,"step":41,"intermediate_value":0.46697952088556793}
{"op_code":7,"worker_id":"31469364-dd91-4ef9-9e72-6d99030bce30-23344272865088","trial_id":0,"step":41,"intermediate_value":0.47795173787234124}
{"op_code":7,"worker_id":"4f146c47-03c3-4edb-82f3-d6367d1acc2c-23257508128576","trial_id":2,"step":42,"intermediate_value":0.4386298886516638}
{"op_code":7,"worker_id":"1c9746a8-c5b8-46b2-bc50-748d528df11e-23442886137664","trial_id":3,"step":42,"intermediate_value":0.4808509485763416}
{"op_code":7,"worker_id":"f40ac033-8c57-44cf-b02f-3e5067d90f6c-22750112302912","trial_id":1,"step":42,"intermediate_value":0.46316435985397875}
{"op_code":7,"worker_id":"31469364-dd91-4ef9-9e72-6d99030bce30-23344272865088","trial_id":0,"step":42,"intermediate_value":0.4757140676180522}
{"op_code":7,"worker_id":"4f146c47-03c3-4edb-82f3-d6367d1acc2c-23257508128576","trial_id":2,"step":43,"intermediate_value":0.4371713195976458}
{"op_code":7,"worker_id":"1c9746a8-c5b8-46b2-bc50-748d528df11e-23442886137664","trial_id":3,"step":43,"intermediate_value":0.480317167022772}
{"op_code":7,"worker_id":"f40ac033-8c57-44cf-b02f-3e5067d90f6c-22750112302912","trial_id":1,"step":43,"intermediate_value":0.460933456295415}
{"op_code":7,"worker_id":"31469364-dd91-4ef9-9e72-6d99030bce30-23344272865088","trial_id":0,"step":43,"intermediate_value":0.47029408028251246}
{"op_code":7,"worker_id":"4f146c47-03c3-4edb-82f3-d6367d1acc2c-23257508128576","trial_id":2,"step":44,"intermediate_value":0.434938999644497}
{"op_code":7,"worker_id":"1c9746a8-c5b8-46b2-bc50-748d528df11e-23442886137664","trial_id":3,"step":44,"intermediate_value":0.4765912367586504}
{"op_code":7,"worker_id":"f40ac033-8c57-44cf-b02f-3e5067d90f6c-22750112302912","trial_id":1,"step":44,"intermediate_value":0.454778768514332}
{"op_code":7,"worker_id":"31469364-dd91-4ef9-9e72-6d99030bce30-23344272865088","trial_id":0,"step":44,"intermediate_value":0.46499619410749066}
{"op_code":7,"worker_id":"4f146c47-03c3-4edb-82f3-d6367d1acc2c-23257508128576","trial_id":2,"step":45,"intermediate_value":0.4296256967803888}
{"op_code":7,"worker_id":"1c9746a8-c5b8-46b2-bc50-748d528df11e-23442886137664","trial_id":3,"step":45,"intermediate_value":0.4722615391538854}
{"op_code":7,"worker_id":"f40ac033-8c57-44cf-b02f-3e5067d90f6c-22750112302912","trial_id":1,"step":45,"intermediate_value":0.4511782736109014}
{"op_code":7,"worker_id":"31469364-dd91-4ef9-9e72-6d99030bce30-23344272865088","trial_id":0,"step":45,"intermediate_value":0.4622236950355664}
{"op_code":7,"worker_id":"4f146c47-03c3-4edb-82f3-d6367d1acc2c-23257508128576","trial_id":2,"step":46,"intermediate_value":0.42529137563287167}
{"op_code":7,"worker_id":"1c9746a8-c5b8-46b2-bc50-748d528df11e-23442886137664","trial_id":3,"step":46,"intermediate_value":0.46953547889726205}
{"op_code":7,"worker_id":"f40ac033-8c57-44cf-b02f-3e5067d90f6c-22750112302912","trial_id":1,"step":46,"intermediate_value":0.44963116394846064}
{"op_code":7,"worker_id":"31469364-dd91-4ef9-9e72-6d99030bce30-23344272865088","trial_id":0,"step":46,"intermediate_value":0.455457338638473}
{"op_code":7,"worker_id":"4f146c47-03c3-4edb-82f3-d6367d1acc2c-23257508128576","trial_id":2,"step":47,"intermediate_value":0.42223686711830005}
{"op_code":7,"worker_id":"1c9746a8-c5b8-46b2-bc50-748d528df11e-23442886137664","trial_id":3,"step":47,"intermediate_value":0.4652615816969621}
{"op_code":7,"worker_id":"f40ac033-8c57-44cf-b02f-3e5067d90f6c-22750112302912","trial_id":1,"step":47,"intermediate_value":0.44341987476014255}
{"op_code":7,"worker_id":"31469364-dd91-4ef9-9e72-6d99030bce30-23344272865088","trial_id":0,"step":47,"intermediate_value":0.45264038495850145}
{"op_code":7,"worker_id":"4f146c47-03c3-4edb-82f3-d6367d1acc2c-23257508128576","trial_id":2,"step":48,"intermediate_value":0.41737911941712363}
{"op_code":7,"worker_id":"1c9746a8-c5b8-46b2-bc50-748d528df11e-23442886137664","trial_id":3,"step":48,"intermediate_value":0.4626097637310363}
{"op_code":7,"worker_id":"f40ac033-8c57-44cf-b02f-3e5067d90f6c-22750112302912","trial_id":1,"step":48,"intermediate_value":0.4400622734898015}
{"op_code":7,"worker_id":"31469364-dd91-4ef9-9e72-6d99030bce30-23344272865088","trial_id":0,"step":48,"intermediate_value":0.45094939386635496}
{"op_code":7,"worker_id":"4f146c47-03c3-4edb-82f3-d6367d1acc2c-23257508128576","trial_id":2,"step":49,"intermediate_value":0.4140810705067819}
{"op_code":7,"worker_id":"1c9746a8-c5b8-46b2-bc50-748d528df11e-23442886137664","trial_id":3,"step":49,"intermediate_value":0.4572017480406845}
{"op_code":7,"worker_id":"f40ac033-8c57-44cf-b02f-3e5067d90f6c-22750112302912","trial_id":1,"step":49,"intermediate_value":0.4365360532936297}
{"op_code":7,"worker_id":"31469364-dd91-4ef9-9e72-6d99030bce30-23344272865088","trial_id":0,"step":49,"intermediate_value":0.4455735981464386}
{"op_code":7,"worker_id":"4f146c47-03c3-4edb-82f3-d6367d1acc2c-23257508128576","trial_id":2,"step":50,"intermediate_value":0.4122818624764158}
{"op_code":7,"worker_id":"1c9746a8-c5b8-46b2-bc50-748d528df11e-23442886137664","trial_id":3,"step":50,"intermediate_value":0.45890685863662184}
{"op_code":7,"worker_id":"f40ac033-8c57-44cf-b02f-3e5067d90f6c-22750112302912","trial_id":1,"step":50,"intermediate_value":0.4340163552970217}
{"op_code":7,"worker_id":"31469364-dd91-4ef9-9e72-6d99030bce30-23344272865088","trial_id":0,"step":50,"intermediate_value":0.4433322601151048}
{"op_code":7,"worker_id":"4f146c47-03c3-4edb-82f3-d6367d1acc2c-23257508128576","trial_id":2,"step":51,"intermediate_value":0.40922312150921736}
{"op_code":7,"worker_id":"1c9746a8-c5b8-46b2-bc50-748d528df11e-23442886137664","trial_id":3,"step":51,"intermediate_value":0.45496334475383426}
{"op_code":7,"worker_id":"f40ac033-8c57-44cf-b02f-3e5067d90f6c-22750112302912","trial_id":1,"step":51,"intermediate_value":0.4346339472553186}
{"op_code":7,"worker_id":"31469364-dd91-4ef9-9e72-6d99030bce30-23344272865088","trial_id":0,"step":51,"intermediate_value":0.4395501054169839}
{"op_code":7,"worker_id":"4f146c47-03c3-4edb-82f3-d6367d1acc2c-23257508128576","trial_id":2,"step":52,"intermediate_value":0.4069729907470837}
{"op_code":7,"worker_id":"1c9746a8-c5b8-46b2-bc50-748d528df11e-23442886137664","trial_id":3,"step":52,"intermediate_value":0.44905477030235424}
{"op_code":7,"worker_id":"f40ac033-8c57-44cf-b02f-3e5067d90f6c-22750112302912","trial_id":1,"step":52,"intermediate_value":0.43025662449368257}
{"op_code":7,"worker_id":"31469364-dd91-4ef9-9e72-6d99030bce30-23344272865088","trial_id":0,"step":52,"intermediate_value":0.43660365437206466}
{"op_code":7,"worker_id":"4f146c47-03c3-4edb-82f3-d6367d1acc2c-23257508128576","trial_id":2,"step":53,"intermediate_value":0.4037368318490815}
{"op_code":7,"worker_id":"1c9746a8-c5b8-46b2-bc50-748d528df11e-23442886137664","trial_id":3,"step":53,"intermediate_value":0.4442143539587657}
{"op_code":7,"worker_id":"f40ac033-8c57-44cf-b02f-3e5067d90f6c-22750112302912","trial_id":1,"step":53,"intermediate_value":0.42527873369685393}
{"op_code":7,"worker_id":"31469364-dd91-4ef9-9e72-6d99030bce30-23344272865088","trial_id":0,"step":53,"intermediate_value":0.43356667380583913}
{"op_code":7,"worker_id":"4f146c47-03c3-4edb-82f3-d6367d1acc2c-23257508128576","trial_id":2,"step":54,"intermediate_value":0.3993841901160123}
{"op_code":7,"worker_id":"1c9746a8-c5b8-46b2-bc50-748d528df11e-23442886137664","trial_id":3,"step":54,"intermediate_value":0.4426474843108863}
{"op_code":7,"worker_id":"f40ac033-8c57-44cf-b02f-3e5067d90f6c-22750112302912","trial_id":1,"step":54,"intermediate_value":0.42463120765853346}
{"op_code":7,"worker_id":"31469364-dd91-4ef9-9e72-6d99030bce30-23344272865088","trial_id":0,"step":54,"intermediate_value":0.43207558937240065}
{"op_code":7,"worker_id":"4f146c47-03c3-4edb-82f3-d6367d1acc2c-23257508128576","trial_id":2,"step":55,"intermediate_value":0.39843519580991643}
{"op_code":7,"worker_id":"1c9746a8-c5b8-46b2-bc50-748d528df11e-23442886137664","trial_id":3,"step":55,"intermediate_value":0.43741177937440706}
{"op_code":7,"worker_id":"f40ac033-8c57-44cf-b02f-3e5067d90f6c-22750112302912","trial_id":1,"step":55,"intermediate_value":0.42100243296539575}
{"op_code":7,"worker_id":"31469364-dd91-4ef9-9e72-6d99030bce30-23344272865088","trial_id":0,"step":55,"intermediate_value":0.42588020991860775}
{"op_code":7,"worker_id":"4f146c47-03c3-4edb-82f3-d6367d1acc2c-23257508128576","trial_id":2,"step":56,"intermediate_value":0.3974105318387349}
{"op_code":7,"worker_id":"1c9746a8-c5b8-46b2-bc50-748d528df11e-23442886137664","trial_id":3,"step":56,"intermediate_value":0.4356696030549836}
{"op_code":7,"worker_id":"f40ac033-8c57-44cf-b02f-3e5067d90f6c-22750112302912","trial_id":1,"step":56,"intermediate_value":0.41693323850631714}
{"op_code":7,"worker_id":"31469364-dd91-4ef9-9e72-6d99030bce30-23344272865088","trial_id":0,"step":56,"intermediate_value":0.4255150634991495}
{"op_code":7,"worker_id":"4f146c47-03c3-4edb-82f3-d6367d1acc2c-23257508128576","trial_id":2,"step":57,"intermediate_value":0.39478004658431337}
{"op_code":7,"worker_id":"1c9746a8-c5b8-46b2-bc50-748d528df11e-23442886137664","trial_id":3,"step":57,"intermediate_value":0.4349703888098399}
{"op_code":7,"worker_id":"f40ac033-8c57-44cf-b02f-3e5067d90f6c-22750112302912","trial_id":1,"step":57,"intermediate_value":0.4163597351626346}
{"op_code":7,"worker_id":"31469364-dd91-4ef9-9e72-6d99030bce30-23344272865088","trial_id":0,"step":57,"intermediate_value":0.42233262668576155}
{"op_code":7,"worker_id":"4f146c47-03c3-4edb-82f3-d6367d1acc2c-23257508128576","trial_id":2,"step":58,"intermediate_value":0.39188618199867115}
{"op_code":7,"worker_id":"1c9746a8-c5b8-46b2-bc50-748d528df11e-23442886137664","trial_id":3,"step":58,"intermediate_value":0.43042419458690445}
{"op_code":7,"worker_id":"f40ac033-8c57-44cf-b02f-3e5067d90f6c-22750112302912","trial_id":1,"step":58,"intermediate_value":0.41497691001808434}
{"op_code":7,"worker_id":"31469364-dd91-4ef9-9e72-6d99030bce30-23344272865088","trial_id":0,"step":58,"intermediate_value":0.42451538171684533}
{"op_code":7,"worker_id":"4f146c47-03c3-4edb-82f3-d6367d1acc2c-23257508128576","trial_id":2,"step":59,"intermediate_value":0.38965127970042984}
{"op_code":7,"worker_id":"1c9746a8-c5b8-46b2-bc50-748d528df11e-23442886137664","trial_id":3,"step":59,"intermediate_value":0.426817468383856}
{"op_code":7,"worker_id":"f40ac033-8c57-44cf-b02f-3e5067d90f6c-22750112302912","trial_id":1,"step":59,"intermediate_value":0.41274170028535945}
{"op_code":7,"worker_id":"31469364-dd91-4ef9-9e72-6d99030bce30-23344272865088","trial_id":0,"step":59,"intermediate_value":0.4215102185282791}
{"op_code":7,"worker_id":"4f146c47-03c3-4edb-82f3-d6367d1acc2c-23257508128576","trial_id":2,"step":60,"intermediate_value":0.38885999823871414}
{"op_code":7,"worker_id":"1c9746a8-c5b8-46b2-bc50-748d528df11e-23442886137664","trial_id":3,"step":60,"intermediate_value":0.42710051201937493}
{"op_code":7,"worker_id":"f40ac033-8c57-44cf-b02f-3e5067d90f6c-22750112302912","trial_id":1,"step":60,"intermediate_value":0.41109494525089596}
{"op_code":7,"worker_id":"31469364-dd91-4ef9-9e72-6d99030bce30-23344272865088","trial_id":0,"step":60,"intermediate_value":0.4205393848711984}
{"op_code":7,"worker_id":"4f146c47-03c3-4edb-82f3-d6367d1acc2c-23257508128576","trial_id":2,"step":61,"intermediate_value":0.38494166156701876}
{"op_code":7,"worker_id":"1c9746a8-c5b8-46b2-bc50-748d528df11e-23442886137664","trial_id":3,"step":61,"intermediate_value":0.4260367813863252}
{"op_code":7,"worker_id":"f40ac033-8c57-44cf-b02f-3e5067d90f6c-22750112302912","trial_id":1,"step":61,"intermediate_value":0.4138402865644087}
{"op_code":7,"worker_id":"31469364-dd91-4ef9-9e72-6d99030bce30-23344272865088","trial_id":0,"step":61,"intermediate_value":0.4167399380290717}
{"op_code":7,"worker_id":"4f146c47-03c3-4edb-82f3-d6367d1acc2c-23257508128576","trial_id":2,"step":62,"intermediate_value":0.38350448221491096}
{"op_code":7,"worker_id":"1c9746a8-c5b8-46b2-bc50-748d528df11e-23442886137664","trial_id":3,"step":62,"intermediate_value":0.4204777719681723}
{"op_code":7,"worker_id":"f40ac033-8c57-44cf-b02f-3e5067d90f6c-22750112302912","trial_id":1,"step":62,"intermediate_value":0.40742933959291694}
{"op_code":7,"worker_id":"31469364-dd91-4ef9-9e72-6d99030bce30-23344272865088","trial_id":0,"step":62,"intermediate_value":0.4161565962590669}
{"op_code":7,"worker_id":"4f146c47-03c3-4edb-82f3-d6367d1acc2c-23257508128576","trial_id":2,"step":63,"intermediate_value":0.39317706122733}
{"op_code":7,"worker_id":"1c9746a8-c5b8-46b2-bc50-748d528df11e-23442886137664","trial_id":3,"step":63,"intermediate_value":0.4190323609009124}
{"op_code":7,"worker_id":"f40ac033-8c57-44cf-b02f-3e5067d90f6c-22750112302912","trial_id":1,"step":63,"intermediate_value":0.40791018333351403}
{"op_code":7,"worker_id":"31469364-dd91-4ef9-9e72-6d99030bce30-23344272865088","trial_id":0,"step":63,"intermediate_value":0.41043020863282054}
{"op_code":7,"worker_id":"4f146c47-03c3-4edb-82f3-d6367d1acc2c-23257508128576","trial_id":2,"step":64,"intermediate_value":0.38468651342810245}
{"op_code":7,"worker_id":"1c9746a8-c5b8-46b2-bc50-748d528df11e-23442886137664","trial_id":3,"step":64,"intermediate_value":0.4207352154087602}
{"op_code":7,"worker_id":"f40ac033-8c57-44cf-b02f-3e5067d90f6c-22750112302912","trial_id":1,"step":64,"intermediate_value":0.4092253457035935}
{"op_code":7,"worker_id":"31469364-dd91-4ef9-9e72-6d99030bce30-23344272865088","trial_id":0,"step":64,"intermediate_value":0.40694683005935267}
{"op_code":7,"worker_id":"4f146c47-03c3-4edb-82f3-d6367d1acc2c-23257508128576","trial_id":2,"step":65,"intermediate_value":0.3836597094410344}
{"op_code":7,"worker_id":"1c9746a8-c5b8-46b2-bc50-748d528df11e-23442886137664","trial_id":3,"step":65,"intermediate_value":0.4144776918386158}
{"op_code":7,"worker_id":"f40ac033-8c57-44cf-b02f-3e5067d90f6c-22750112302912","trial_id":1,"step":65,"intermediate_value":0.40732360984149735}
{"op_code":7,"worker_id":"31469364-dd91-4ef9-9e72-6d99030bce30-23344272865088","trial_id":0,"step":65,"intermediate_value":0.40371735942991155}
{"op_code":7,"worker_id":"4f146c47-03c3-4edb-82f3-d6367d1acc2c-23257508128576","trial_id":2,"step":66,"intermediate_value":0.38010390599568683}
{"op_code":7,"worker_id":"1c9746a8-c5b8-46b2-bc50-748d528df11e-23442886137664","trial_id":3,"step":66,"intermediate_value":0.4132779167409529}
{"op_code":7,"worker_id":"f40ac033-8c57-44cf-b02f-3e5067d90f6c-22750112302912","trial_id":1,"step":66,"intermediate_value":0.40346888230558026}
{"op_code":7,"worker_id":"31469364-dd91-4ef9-9e72-6d99030bce30-23344272865088","trial_id":0,"step":66,"intermediate_value":0.40113114474112527}
{"op_code":7,"worker_id":"4f146c47-03c3-4edb-82f3-d6367d1acc2c-23257508128576","trial_id":2,"step":67,"intermediate_value":0.3790877738542724}
{"op_code":7,"worker_id":"1c9746a8-c5b8-46b2-bc50-748d528df11e-23442886137664","trial_id":3,"step":67,"intermediate_value":0.4105566426327354}
{"op_code":7,"worker_id":"f40ac033-8c57-44cf-b02f-3e5067d90f6c-22750112302912","trial_id":1,"step":67,"intermediate_value":0.39992737247232807}
{"op_code":7,"worker_id":"31469364-dd91-4ef9-9e72-6d99030bce30-23344272865088","trial_id":0,"step":67,"intermediate_value":0.4010996421178182}
{"op_code":7,"worker_id":"4f146c47-03c3-4edb-82f3-d6367d1acc2c-23257508128576","trial_id":2,"step":68,"intermediate_value":0.38145279309205843}
{"op_code":7,"worker_id":"1c9746a8-c5b8-46b2-bc50-748d528df11e-23442886137664","trial_id":3,"step":68,"intermediate_value":0.40922246481242935}
{"op_code":7,"worker_id":"f40ac033-8c57-44cf-b02f-3e5067d90f6c-22750112302912","trial_id":1,"step":68,"intermediate_value":0.39679636244188277}
{"op_code":7,"worker_id":"31469364-dd91-4ef9-9e72-6d99030bce30-23344272865088","trial_id":0,"step":68,"intermediate_value":0.424191765617906}
{"op_code":7,"worker_id":"4f146c47-03c3-4edb-82f3-d6367d1acc2c-23257508128576","trial_id":2,"step":69,"intermediate_value":0.37727992628750046}
{"op_code":7,"worker_id":"1c9746a8-c5b8-46b2-bc50-748d528df11e-23442886137664","trial_id":3,"step":69,"intermediate_value":0.40725747012255487}
{"op_code":7,"worker_id":"f40ac033-8c57-44cf-b02f-3e5067d90f6c-22750112302912","trial_id":1,"step":69,"intermediate_value":0.39398428588582757}
{"op_code":7,"worker_id":"31469364-dd91-4ef9-9e72-6d99030bce30-23344272865088","trial_id":0,"step":69,"intermediate_value":0.3987375304364322}
{"op_code":7,"worker_id":"4f146c47-03c3-4edb-82f3-d6367d1acc2c-23257508128576","trial_id":2,"step":70,"intermediate_value":0.3753423696024376}
{"op_code":7,"worker_id":"1c9746a8-c5b8-46b2-bc50-748d528df11e-23442886137664","trial_id":3,"step":70,"intermediate_value":0.4042529568337558}
{"op_code":7,"worker_id":"f40ac033-8c57-44cf-b02f-3e5067d90f6c-22750112302912","trial_id":1,"step":70,"intermediate_value":0.3922624133135143}
{"op_code":7,"worker_id":"31469364-dd91-4ef9-9e72-6d99030bce30-23344272865088","trial_id":0,"step":70,"intermediate_value":0.3994019941279763}
{"op_code":7,"worker_id":"4f146c47-03c3-4edb-82f3-d6367d1acc2c-23257508128576","trial_id":2,"step":71,"intermediate_value":0.3764170910182752}
{"op_code":7,"worker_id":"1c9746a8-c5b8-46b2-bc50-748d528df11e-23442886137664","trial_id":3,"step":71,"intermediate_value":0.40655523434019925}
{"op_code":7,"worker_id":"f40ac033-8c57-44cf-b02f-3e5067d90f6c-22750112302912","trial_id":1,"step":71,"intermediate_value":0.3923656956145638}
{"op_code":7,"worker_id":"31469364-dd91-4ef9-9e72-6d99030bce30-23344272865088","trial_id":0,"step":71,"intermediate_value":0.39617286596381873}
{"op_code":7,"worker_id":"4f146c47-03c3-4edb-82f3-d6367d1acc2c-23257508128576","trial_id":2,"step":72,"intermediate_value":0.37526337828552514}
{"op_code":7,"worker_id":"1c9746a8-c5b8-46b2-bc50-748d528df11e-23442886137664","trial_id":3,"step":72,"intermediate_value":0.4146079075963874}
{"op_code":7,"worker_id":"f40ac033-8c57-44cf-b02f-3e5067d90f6c-22750112302912","trial_id":1,"step":72,"intermediate_value":0.3914126926346829}
{"op_code":7,"worker_id":"31469364-dd91-4ef9-9e72-6d99030bce30-23344272865088","trial_id":0,"step":72,"intermediate_value":0.3965848637254615}
{"op_code":7,"worker_id":"4f146c47-03c3-4edb-82f3-d6367d1acc2c-23257508128576","trial_id":2,"step":73,"intermediate_value":0.3785682399021952}
{"op_code":7,"worker_id":"1c9746a8-c5b8-46b2-bc50-748d528df11e-23442886137664","trial_id":3,"step":73,"intermediate_value":0.4096879352603042}
{"op_code":7,"worker_id":"f40ac033-8c57-44cf-b02f-3e5067d90f6c-22750112302912","trial_id":1,"step":73,"intermediate_value":0.3914974467796192}
{"op_code":7,"worker_id":"31469364-dd91-4ef9-9e72-6d99030bce30-23344272865088","trial_id":0,"step":73,"intermediate_value":0.4029629502380103}
{"op_code":7,"worker_id":"4f146c47-03c3-4edb-82f3-d6367d1acc2c-23257508128576","trial_id":2,"step":74,"intermediate_value":0.3757991963311246}
{"op_code":7,"worker_id":"1c9746a8-c5b8-46b2-bc50-748d528df11e-23442886137664","trial_id":3,"step":74,"intermediate_value":0.4097525885230617}
{"op_code":7,"worker_id":"f40ac033-8c57-44cf-b02f-3e5067d90f6c-22750112302912","trial_id":1,"step":74,"intermediate_value":0.3868756649786966}
{"op_code":7,"worker_id":"31469364-dd91-4ef9-9e72-6d99030bce30-23344272865088","trial_id":0,"step":74,"intermediate_value":0.3998075995528907}
{"op_code":7,"worker_id":"4f146c47-03c3-4edb-82f3-d6367d1acc2c-23257508128576","trial_id":2,"step":75,"intermediate_value":0.37202866610727814}
{"op_code":7,"worker_id":"1c9746a8-c5b8-46b2-bc50-748d528df11e-23442886137664","trial_id":3,"step":75,"intermediate_value":0.40650811111717894}
{"op_code":7,"worker_id":"f40ac033-8c57-44cf-b02f-3e5067d90f6c-22750112302912","trial_id":1,"step":75,"intermediate_value":0.38762806538949934}
{"op_code":7,"worker_id":"31469364-dd91-4ef9-9e72-6d99030bce30-23344272865088","trial_id":0,"step":75,"intermediate_value":0.4049233799440819}
{"op_code":7,"worker_id":"4f146c47-03c3-4edb-82f3-d6367d1acc2c-23257508128576","trial_id":2,"step":76,"intermediate_value":0.37198870119295624}
{"op_code":7,"worker_id":"1c9746a8-c5b8-46b2-bc50-748d528df11e-23442886137664","trial_id":3,"step":76,"intermediate_value":0.4033296432411462}
{"op_code":7,"worker_id":"f40ac033-8c57-44cf-b02f-3e5067d90f6c-22750112302912","trial_id":1,"step":76,"intermediate_value":0.3869461161002778}
{"op_code":7,"worker_id":"31469364-dd91-4ef9-9e72-6d99030bce30-23344272865088","trial_id":0,"step":76,"intermediate_value":0.3954686987818333}
{"op_code":7,"worker_id":"4f146c47-03c3-4edb-82f3-d6367d1acc2c-23257508128576","trial_id":2,"step":77,"intermediate_value":0.37016298321255464}
{"op_code":7,"worker_id":"1c9746a8-c5b8-46b2-bc50-748d528df11e-23442886137664","trial_id":3,"step":77,"intermediate_value":0.4010144545320879}
{"op_code":7,"worker_id":"f40ac033-8c57-44cf-b02f-3e5067d90f6c-22750112302912","trial_id":1,"step":77,"intermediate_value":0.3897972964403922}
{"op_code":7,"worker_id":"31469364-dd91-4ef9-9e72-6d99030bce30-23344272865088","trial_id":0,"step":77,"intermediate_value":0.39157755594504506}
{"op_code":7,"worker_id":"4f146c47-03c3-4edb-82f3-d6367d1acc2c-23257508128576","trial_id":2,"step":78,"intermediate_value":0.3702373096817418}
{"op_code":7,"worker_id":"1c9746a8-c5b8-46b2-bc50-748d528df11e-23442886137664","trial_id":3,"step":78,"intermediate_value":0.39598523001921804}
{"op_code":7,"worker_id":"f40ac033-8c57-44cf-b02f-3e5067d90f6c-22750112302912","trial_id":1,"step":78,"intermediate_value":0.3893227279186249}
{"op_code":7,"worker_id":"31469364-dd91-4ef9-9e72-6d99030bce30-23344272865088","trial_id":0,"step":78,"intermediate_value":0.3910531877425679}
{"op_code":7,"worker_id":"4f146c47-03c3-4edb-82f3-d6367d1acc2c-23257508128576","trial_id":2,"step":79,"intermediate_value":0.37022968446999266}
{"op_code":7,"worker_id":"1c9746a8-c5b8-46b2-bc50-748d528df11e-23442886137664","trial_id":3,"step":79,"intermediate_value":0.400062200270201}
{"op_code":7,"worker_id":"f40ac033-8c57-44cf-b02f-3e5067d90f6c-22750112302912","trial_id":1,"step":79,"intermediate_value":0.38613238878417433}
{"op_code":7,"worker_id":"31469364-dd91-4ef9-9e72-6d99030bce30-23344272865088","trial_id":0,"step":79,"intermediate_value":0.38974730539740177}
{"op_code":7,"worker_id":"4f146c47-03c3-4edb-82f3-d6367d1acc2c-23257508128576","trial_id":2,"step":80,"intermediate_value":0.3693202707851142}
{"op_code":7,"worker_id":"1c9746a8-c5b8-46b2-bc50-748d528df11e-23442886137664","trial_id":3,"step":80,"intermediate_value":0.3953508520335482}
{"op_code":7,"worker_id":"f40ac033-8c57-44cf-b02f-3e5067d90f6c-22750112302912","trial_id":1,"step":80,"intermediate_value":0.38737428711171734}
{"op_code":7,"worker_id":"31469364-dd91-4ef9-9e72-6d99030bce30-23344272865088","trial_id":0,"step":80,"intermediate_value":0.3888792066197646}
{"op_code":7,"worker_id":"4f146c47-03c3-4edb-82f3-d6367d1acc2c-23257508128576","trial_id":2,"step":81,"intermediate_value":0.36844595011911896}
{"op_code":7,"worker_id":"1c9746a8-c5b8-46b2-bc50-748d528df11e-23442886137664","trial_id":3,"step":81,"intermediate_value":0.39479586168339376}
{"op_code":7,"worker_id":"f40ac033-8c57-44cf-b02f-3e5067d90f6c-22750112302912","trial_id":1,"step":81,"intermediate_value":0.3834883345846544}
{"op_code":7,"worker_id":"31469364-dd91-4ef9-9e72-6d99030bce30-23344272865088","trial_id":0,"step":81,"intermediate_value":0.38844766951443854}
{"op_code":7,"worker_id":"4f146c47-03c3-4edb-82f3-d6367d1acc2c-23257508128576","trial_id":2,"step":82,"intermediate_value":0.36674876798663225}
{"op_code":7,"worker_id":"1c9746a8-c5b8-46b2-bc50-748d528df11e-23442886137664","trial_id":3,"step":82,"intermediate_value":0.3942042291164398}
{"op_code":7,"worker_id":"f40ac033-8c57-44cf-b02f-3e5067d90f6c-22750112302912","trial_id":1,"step":82,"intermediate_value":0.38195341459491794}
{"op_code":7,"worker_id":"31469364-dd91-4ef9-9e72-6d99030bce30-23344272865088","trial_id":0,"step":82,"intermediate_value":0.3863534467262134}
{"op_code":7,"worker_id":"4f146c47-03c3-4edb-82f3-d6367d1acc2c-23257508128576","trial_id":2,"step":83,"intermediate_value":0.36447999404187786}
{"op_code":7,"worker_id":"1c9746a8-c5b8-46b2-bc50-748d528df11e-23442886137664","trial_id":3,"step":83,"intermediate_value":0.3922235123943864}
{"op_code":7,"worker_id":"f40ac033-8c57-44cf-b02f-3e5067d90f6c-22750112302912","trial_id":1,"step":83,"intermediate_value":0.38607349625804965}
{"op_code":7,"worker_id":"31469364-dd91-4ef9-9e72-6d99030bce30-23344272865088","trial_id":0,"step":83,"intermediate_value":0.3860884413384555}
{"op_code":7,"worker_id":"4f146c47-03c3-4edb-82f3-d6367d1acc2c-23257508128576","trial_id":2,"step":84,"intermediate_value":0.3655481291444678}
{"op_code":7,"worker_id":"1c9746a8-c5b8-46b2-bc50-748d528df11e-23442886137664","trial_id":3,"step":84,"intermediate_value":0.39141893961973356}
{"op_code":7,"worker_id":"f40ac033-8c57-44cf-b02f-3e5067d90f6c-22750112302912","trial_id":1,"step":84,"intermediate_value":0.38504109623139365}
{"op_code":7,"worker_id":"31469364-dd91-4ef9-9e72-6d99030bce30-23344272865088","trial_id":0,"step":84,"intermediate_value":0.3837595864346153}
{"op_code":7,"worker_id":"4f146c47-03c3-4edb-82f3-d6367d1acc2c-23257508128576","trial_id":2,"step":85,"intermediate_value":0.3646984821871707}
{"op_code":7,"worker_id":"1c9746a8-c5b8-46b2-bc50-748d528df11e-23442886137664","trial_id":3,"step":85,"intermediate_value":0.38958806270047236}
{"op_code":7,"worker_id":"f40ac033-8c57-44cf-b02f-3e5067d90f6c-22750112302912","trial_id":1,"step":85,"intermediate_value":0.38298668202600983}
{"op_code":7,"worker_id":"31469364-dd91-4ef9-9e72-6d99030bce30-23344272865088","trial_id":0,"step":85,"intermediate_value":0.3811467384037219}
{"op_code":7,"worker_id":"4f146c47-03c3-4edb-82f3-d6367d1acc2c-23257508128576","trial_id":2,"step":86,"intermediate_value":0.3660770351426643}
{"op_code":7,"worker_id":"1c9746a8-c5b8-46b2-bc50-748d528df11e-23442886137664","trial_id":3,"step":86,"intermediate_value":0.3870111991438949}
{"op_code":7,"worker_id":"f40ac033-8c57-44cf-b02f-3e5067d90f6c-22750112302912","trial_id":1,"step":86,"intermediate_value":0.3820815483729045}
{"op_code":7,"worker_id":"31469364-dd91-4ef9-9e72-6d99030bce30-23344272865088","trial_id":0,"step":86,"intermediate_value":0.381410046627647}
{"op_code":7,"worker_id":"4f146c47-03c3-4edb-82f3-d6367d1acc2c-23257508128576","trial_id":2,"step":87,"intermediate_value":0.366319116270333}
{"op_code":7,"worker_id":"1c9746a8-c5b8-46b2-bc50-748d528df11e-23442886137664","trial_id":3,"step":87,"intermediate_value":0.3854858488367315}
{"op_code":7,"worker_id":"f40ac033-8c57-44cf-b02f-3e5067d90f6c-22750112302912","trial_id":1,"step":87,"intermediate_value":0.3798931873681253}
{"op_code":7,"worker_id":"31469364-dd91-4ef9-9e72-6d99030bce30-23344272865088","trial_id":0,"step":87,"intermediate_value":0.37982882114878874}
{"op_code":7,"worker_id":"4f146c47-03c3-4edb-82f3-d6367d1acc2c-23257508128576","trial_id":2,"step":88,"intermediate_value":0.3654795487721761}
{"op_code":7,"worker_id":"1c9746a8-c5b8-46b2-bc50-748d528df11e-23442886137664","trial_id":3,"step":88,"intermediate_value":0.3838155332364534}
{"op_code":7,"worker_id":"f40ac033-8c57-44cf-b02f-3e5067d90f6c-22750112302912","trial_id":1,"step":88,"intermediate_value":0.37948446524770635}
{"op_code":7,"worker_id":"31469364-dd91-4ef9-9e72-6d99030bce30-23344272865088","trial_id":0,"step":88,"intermediate_value":0.38139365378179046}
{"op_code":7,"worker_id":"4f146c47-03c3-4edb-82f3-d6367d1acc2c-23257508128576","trial_id":2,"step":89,"intermediate_value":0.36655511040436595}
{"op_code":7,"worker_id":"1c9746a8-c5b8-46b2-bc50-748d528df11e-23442886137664","trial_id":3,"step":89,"intermediate_value":0.38616155375514116}
{"op_code":7,"worker_id":"f40ac033-8c57-44cf-b02f-3e5067d90f6c-22750112302912","trial_id":1,"step":89,"intermediate_value":0.3756277404333416}
{"op_code":7,"worker_id":"31469364-dd91-4ef9-9e72-6d99030bce30-23344272865088","trial_id":0,"step":89,"intermediate_value":0.379250775303757}
{"op_code":7,"worker_id":"4f146c47-03c3-4edb-82f3-d6367d1acc2c-23257508128576","trial_id":2,"step":90,"intermediate_value":0.3637418318213078}
{"op_code":7,"worker_id":"1c9746a8-c5b8-46b2-bc50-748d528df11e-23442886137664","trial_id":3,"step":90,"intermediate_value":0.38647047469490453}
{"op_code":7,"worker_id":"f40ac033-8c57-44cf-b02f-3e5067d90f6c-22750112302912","trial_id":1,"step":90,"intermediate_value":0.37876278632565547}
{"op_code":7,"worker_id":"31469364-dd91-4ef9-9e72-6d99030bce30-23344272865088","trial_id":0,"step":90,"intermediate_value":0.37791972306736726}
{"op_code":7,"worker_id":"4f146c47-03c3-4edb-82f3-d6367d1acc2c-23257508128576","trial_id":2,"step":91,"intermediate_value":0.36155187665370475}
{"op_code":7,"worker_id":"1c9746a8-c5b8-46b2-bc50-748d528df11e-23442886137664","trial_id":3,"step":91,"intermediate_value":0.3854360219679381}
{"op_code":7,"worker_id":"f40ac033-8c57-44cf-b02f-3e5067d90f6c-22750112302912","trial_id":1,"step":91,"intermediate_value":0.46991355638754995}
{"op_code":7,"worker_id":"31469364-dd91-4ef9-9e72-6d99030bce30-23344272865088","trial_id":0,"step":91,"intermediate_value":0.37731572776510003}
{"op_code":7,"worker_id":"4f146c47-03c3-4edb-82f3-d6367d1acc2c-23257508128576","trial_id":2,"step":92,"intermediate_value":0.36087404897338465}
{"op_code":7,"worker_id":"1c9746a8-c5b8-46b2-bc50-748d528df11e-23442886137664","trial_id":3,"step":92,"intermediate_value":0.38209766672368634}
{"op_code":7,"worker_id":"f40ac033-8c57-44cf-b02f-3e5067d90f6c-22750112302912","trial_id":1,"step":92,"intermediate_value":0.9520109986004076}
{"op_code":7,"worker_id":"31469364-dd91-4ef9-9e72-6d99030bce30-23344272865088","trial_id":0,"step":92,"intermediate_value":0.3751025754108764}
{"op_code":7,"worker_id":"4f146c47-03c3-4edb-82f3-d6367d1acc2c-23257508128576","trial_id":2,"step":93,"intermediate_value":0.36013283436758475}
{"op_code":7,"worker_id":"1c9746a8-c5b8-46b2-bc50-748d528df11e-23442886137664","trial_id":3,"step":93,"intermediate_value":0.3814821551766312}
{"op_code":7,"worker_id":"f40ac033-8c57-44cf-b02f-3e5067d90f6c-22750112302912","trial_id":1,"step":93,"intermediate_value":NaN}
{"op_code":7,"worker_id":"31469364-dd91-4ef9-9e72-6d99030bce30-23344272865088","trial_id":0,"step":93,"intermediate_value":0.3759734949521851}
{"op_code":7,"worker_id":"4f146c47-03c3-4edb-82f3-d6367d1acc2c-23257508128576","trial_id":2,"step":94,"intermediate_value":0.36125069908928453}
{"op_code":7,"worker_id":"1c9746a8-c5b8-46b2-bc50-748d528df11e-23442886137664","trial_id":3,"step":94,"intermediate_value":0.38587793394138936}
{"op_code":7,"worker_id":"f40ac033-8c57-44cf-b02f-3e5067d90f6c-22750112302912","trial_id":1,"step":94,"intermediate_value":NaN}
{"op_code":7,"worker_id":"31469364-dd91-4ef9-9e72-6d99030bce30-23344272865088","trial_id":0,"step":94,"intermediate_value":0.374541102271331}
{"op_code":7,"worker_id":"4f146c47-03c3-4edb-82f3-d6367d1acc2c-23257508128576","trial_id":2,"step":95,"intermediate_value":0.357929387636352}
{"op_code":7,"worker_id":"1c9746a8-c5b8-46b2-bc50-748d528df11e-23442886137664","trial_id":3,"step":95,"intermediate_value":0.3786431676463077}
{"op_code":7,"worker_id":"f40ac033-8c57-44cf-b02f-3e5067d90f6c-22750112302912","trial_id":1,"step":95,"intermediate_value":NaN}
{"op_code":7,"worker_id":"31469364-dd91-4ef9-9e72-6d99030bce30-23344272865088","trial_id":0,"step":95,"intermediate_value":0.3732770906205763}
{"op_code":7,"worker_id":"4f146c47-03c3-4edb-82f3-d6367d1acc2c-23257508128576","trial_id":2,"step":96,"intermediate_value":0.35872575117830646}
{"op_code":7,"worker_id":"1c9746a8-c5b8-46b2-bc50-748d528df11e-23442886137664","trial_id":3,"step":96,"intermediate_value":0.3835279047489166}
{"op_code":7,"worker_id":"f40ac033-8c57-44cf-b02f-3e5067d90f6c-22750112302912","trial_id":1,"step":96,"intermediate_value":NaN}
{"op_code":7,"worker_id":"31469364-dd91-4ef9-9e72-6d99030bce30-23344272865088","trial_id":0,"step":96,"intermediate_value":0.3732097467832398}
{"op_code":7,"worker_id":"4f146c47-03c3-4edb-82f3-d6367d1acc2c-23257508128576","trial_id":2,"step":97,"intermediate_value":0.3565689361931985}
{"op_code":7,"worker_id":"1c9746a8-c5b8-46b2-bc50-748d528df11e-23442886137664","trial_id":3,"step":97,"intermediate_value":0.3817159972692791}
{"op_code":7,"worker_id":"f40ac033-8c57-44cf-b02f-3e5067d90f6c-22750112302912","trial_id":1,"step":97,"intermediate_value":NaN}
{"op_code":7,"worker_id":"31469364-dd91-4ef9-9e72-6d99030bce30-23344272865088","trial_id":0,"step":97,"intermediate_value":0.371964914234061}
{"op_code":7,"worker_id":"4f146c47-03c3-4edb-82f3-d6367d1acc2c-23257508128576","trial_id":2,"step":98,"intermediate_value":0.3588142802840785}
{"op_code":7,"worker_id":"1c9746a8-c5b8-46b2-bc50-748d528df11e-23442886137664","trial_id":3,"step":98,"intermediate_value":0.37625342659782945}
{"op_code":7,"worker_id":"f40ac033-8c57-44cf-b02f-3e5067d90f6c-22750112302912","trial_id":1,"step":98,"intermediate_value":NaN}
{"op_code":7,"worker_id":"31469364-dd91-4ef9-9e72-6d99030bce30-23344272865088","trial_id":0,"step":98,"intermediate_value":0.370964551181124}
{"op_code":7,"worker_id":"4f146c47-03c3-4edb-82f3-d6367d1acc2c-23257508128576","trial_id":2,"step":99,"intermediate_value":0.3606066865879193}
{"op_code":6,"worker_id":"4f146c47-03c3-4edb-82f3-d6367d1acc2c-23257508128576","trial_id":2,"state":1,"values":[-0.6746574640274048],"datetime_complete":"2026-04-21T13:29:42.116476"}
{"op_code":7,"worker_id":"1c9746a8-c5b8-46b2-bc50-748d528df11e-23442886137664","trial_id":3,"step":99,"intermediate_value":0.3763103056372258}
{"op_code":6,"worker_id":"1c9746a8-c5b8-46b2-bc50-748d528df11e-23442886137664","trial_id":3,"state":1,"values":[-0.6566479206085205],"datetime_complete":"2026-04-21T13:31:12.212499"}
{"op_code":6,"worker_id":"f40ac033-8c57-44cf-b02f-3e5067d90f6c-22750112302912","trial_id":1,"state":1,"values":[-0.6572504043579102],"datetime_complete":"2026-04-21T13:32:26.706371"}
{"op_code":7,"worker_id":"31469364-dd91-4ef9-9e72-6d99030bce30-23344272865088","trial_id":0,"step":99,"intermediate_value":0.3752611640252565}
{"op_code":6,"worker_id":"31469364-dd91-4ef9-9e72-6d99030bce30-23344272865088","trial_id":0,"state":1,"values":[-0.6614579558372498],"datetime_complete":"2026-04-21T13:34:08.848817"}
{"op_code":0,"worker_id":"6b6f1060-0ce8-40e4-8d46-f15bccf99c22-22750335067968","study_name":"hyperparameter_search","directions":[1]}
{"op_code":0,"worker_id":"1144632a-c692-4930-8f77-e444d171169e-23031388260160","study_name":"hyperparameter_search","directions":[1]}
{"op_code":4,"worker_id":"6b6f1060-0ce8-40e4-8d46-f15bccf99c22-22750335067968","study_id":0,"datetime_start":"2026-04-21T13:44:10.707338"}
{"op_code":4,"worker_id":"1144632a-c692-4930-8f77-e444d171169e-23031388260160","study_id":0,"datetime_start":"2026-04-21T13:44:10.709659"}
{"op_code":0,"worker_id":"7d72393b-b64a-4005-80b4-e7093cdaffbd-22549060794176","study_name":"hyperparameter_search","directions":[1]}
{"op_code":4,"worker_id":"7d72393b-b64a-4005-80b4-e7093cdaffbd-22549060794176","study_id":0,"datetime_start":"2026-04-21T13:44:10.714374"}
{"op_code":0,"worker_id":"bd200885-5ad1-425d-a348-9b56e8f599a1-23333299054400","study_name":"hyperparameter_search","directions":[1]}
{"op_code":4,"worker_id":"bd200885-5ad1-425d-a348-9b56e8f599a1-23333299054400","study_id":0,"datetime_start":"2026-04-21T13:44:10.723055"}
{"op_code":5,"worker_id":"6b6f1060-0ce8-40e4-8d46-f15bccf99c22-22750335067968","trial_id":4,"param_name":"learning_rate","param_value_internal":0.006400369183564024,"distribution":"{\"name\": \"FloatDistribution\", \"attributes\": {\"step\": null, \"low\": 0.0056, \"high\": 0.008, \"log\": true}}"}
{"op_code":5,"worker_id":"7d72393b-b64a-4005-80b4-e7093cdaffbd-22549060794176","trial_id":6,"param_name":"learning_rate","param_value_internal":0.006400369183564024,"distribution":"{\"name\": \"FloatDistribution\", \"attributes\": {\"step\": null, \"low\": 0.0056, \"high\": 0.008, \"log\": true}}"}
{"op_code":5,"worker_id":"1144632a-c692-4930-8f77-e444d171169e-23031388260160","trial_id":5,"param_name":"learning_rate","param_value_internal":0.006400369183564024,"distribution":"{\"name\": \"FloatDistribution\", \"attributes\": {\"step\": null, \"low\": 0.0056, \"high\": 0.008, \"log\": true}}"}
{"op_code":5,"worker_id":"bd200885-5ad1-425d-a348-9b56e8f599a1-23333299054400","trial_id":7,"param_name":"learning_rate","param_value_internal":0.006400369183564024,"distribution":"{\"name\": \"FloatDistribution\", \"attributes\": {\"step\": null, \"low\": 0.0056, \"high\": 0.008, \"log\": true}}"}
{"op_code":5,"worker_id":"6b6f1060-0ce8-40e4-8d46-f15bccf99c22-22750335067968","trial_id":4,"param_name":"trt_structure","param_value_internal":0,"distribution":"{\"name\": \"CategoricalDistribution\", \"attributes\": {\"choices\": [\"CA+SA+SA+CA\", \"CA+SA+SA+SA+CA\"]}}"}
{"op_code":5,"worker_id":"7d72393b-b64a-4005-80b4-e7093cdaffbd-22549060794176","trial_id":6,"param_name":"trt_structure","param_value_internal":0,"distribution":"{\"name\": \"CategoricalDistribution\", \"attributes\": {\"choices\": [\"CA+SA+SA+CA\", \"CA+SA+SA+SA+CA\"]}}"}
{"op_code":5,"worker_id":"6b6f1060-0ce8-40e4-8d46-f15bccf99c22-22750335067968","trial_id":4,"param_name":"mse_weight","param_value_internal":0,"distribution":"{\"name\": \"CategoricalDistribution\", \"attributes\": {\"choices\": [0.1, 0.2, 0.5]}}"}
{"op_code":5,"worker_id":"7d72393b-b64a-4005-80b4-e7093cdaffbd-22549060794176","trial_id":6,"param_name":"mse_weight","param_value_internal":0,"distribution":"{\"name\": \"CategoricalDistribution\", \"attributes\": {\"choices\": [0.1, 0.2, 0.5]}}"}
{"op_code":5,"worker_id":"6b6f1060-0ce8-40e4-8d46-f15bccf99c22-22750335067968","trial_id":4,"param_name":"pcc_weight","param_value_internal":1,"distribution":"{\"name\": \"CategoricalDistribution\", \"attributes\": {\"choices\": [0.5, 1.0, 2.0]}}"}
{"op_code":5,"worker_id":"6b6f1060-0ce8-40e4-8d46-f15bccf99c22-22750335067968","trial_id":4,"param_name":"dropout","param_value_internal":0.07080725777960455,"distribution":"{\"name\": \"FloatDistribution\", \"attributes\": {\"step\": null, \"low\": 0.0, \"high\": 0.1, \"log\": false}}"}
{"op_code":5,"worker_id":"7d72393b-b64a-4005-80b4-e7093cdaffbd-22549060794176","trial_id":6,"param_name":"pcc_weight","param_value_internal":1,"distribution":"{\"name\": \"CategoricalDistribution\", \"attributes\": {\"choices\": [0.5, 1.0, 2.0]}}"}
{"op_code":5,"worker_id":"7d72393b-b64a-4005-80b4-e7093cdaffbd-22549060794176","trial_id":6,"param_name":"dropout","param_value_internal":0.07080725777960455,"distribution":"{\"name\": \"FloatDistribution\", \"attributes\": {\"step\": null, \"low\": 0.0, \"high\": 0.1, \"log\": false}}"}
{"op_code":5,"worker_id":"bd200885-5ad1-425d-a348-9b56e8f599a1-23333299054400","trial_id":7,"param_name":"trt_structure","param_value_internal":0,"distribution":"{\"name\": \"CategoricalDistribution\", \"attributes\": {\"choices\": [\"CA+SA+SA+CA\", \"CA+SA+SA+SA+CA\"]}}"}
{"op_code":5,"worker_id":"bd200885-5ad1-425d-a348-9b56e8f599a1-23333299054400","trial_id":7,"param_name":"mse_weight","param_value_internal":0,"distribution":"{\"name\": \"CategoricalDistribution\", \"attributes\": {\"choices\": [0.1, 0.2, 0.5]}}"}
{"op_code":5,"worker_id":"bd200885-5ad1-425d-a348-9b56e8f599a1-23333299054400","trial_id":7,"param_name":"pcc_weight","param_value_internal":1,"distribution":"{\"name\": \"CategoricalDistribution\", \"attributes\": {\"choices\": [0.5, 1.0, 2.0]}}"}
{"op_code":5,"worker_id":"bd200885-5ad1-425d-a348-9b56e8f599a1-23333299054400","trial_id":7,"param_name":"dropout","param_value_internal":0.07080725777960455,"distribution":"{\"name\": \"FloatDistribution\", \"attributes\": {\"step\": null, \"low\": 0.0, \"high\": 0.1, \"log\": false}}"}
{"op_code":5,"worker_id":"1144632a-c692-4930-8f77-e444d171169e-23031388260160","trial_id":5,"param_name":"trt_structure","param_value_internal":0,"distribution":"{\"name\": \"CategoricalDistribution\", \"attributes\": {\"choices\": [\"CA+SA+SA+CA\", \"CA+SA+SA+SA+CA\"]}}"}
{"op_code":5,"worker_id":"1144632a-c692-4930-8f77-e444d171169e-23031388260160","trial_id":5,"param_name":"mse_weight","param_value_internal":0,"distribution":"{\"name\": \"CategoricalDistribution\", \"attributes\": {\"choices\": [0.1, 0.2, 0.5]}}"}
{"op_code":5,"worker_id":"1144632a-c692-4930-8f77-e444d171169e-23031388260160","trial_id":5,"param_name":"pcc_weight","param_value_internal":1,"distribution":"{\"name\": \"CategoricalDistribution\", \"attributes\": {\"choices\": [0.5, 1.0, 2.0]}}"}
{"op_code":5,"worker_id":"1144632a-c692-4930-8f77-e444d171169e-23031388260160","trial_id":5,"param_name":"dropout","param_value_internal":0.07080725777960455,"distribution":"{\"name\": \"FloatDistribution\", \"attributes\": {\"step\": null, \"low\": 0.0, \"high\": 0.1, \"log\": false}}"}
{"op_code":7,"worker_id":"6b6f1060-0ce8-40e4-8d46-f15bccf99c22-22750335067968","trial_id":4,"step":0,"intermediate_value":1.0681378485863668}
{"op_code":7,"worker_id":"7d72393b-b64a-4005-80b4-e7093cdaffbd-22549060794176","trial_id":6,"step":0,"intermediate_value":0.7553161905522932}
{"op_code":7,"worker_id":"bd200885-5ad1-425d-a348-9b56e8f599a1-23333299054400","trial_id":7,"step":0,"intermediate_value":1.0742032632493137}
{"op_code":7,"worker_id":"1144632a-c692-4930-8f77-e444d171169e-23031388260160","trial_id":5,"step":0,"intermediate_value":1.057095065451505}
{"op_code":7,"worker_id":"6b6f1060-0ce8-40e4-8d46-f15bccf99c22-22750335067968","trial_id":4,"step":1,"intermediate_value":1.1102487392592848}
{"op_code":7,"worker_id":"7d72393b-b64a-4005-80b4-e7093cdaffbd-22549060794176","trial_id":6,"step":1,"intermediate_value":0.7155173630045172}
{"op_code":7,"worker_id":"bd200885-5ad1-425d-a348-9b56e8f599a1-23333299054400","trial_id":7,"step":1,"intermediate_value":1.1099750744669061}
{"op_code":7,"worker_id":"1144632a-c692-4930-8f77-e444d171169e-23031388260160","trial_id":5,"step":1,"intermediate_value":1.0555948144511174}
{"op_code":7,"worker_id":"6b6f1060-0ce8-40e4-8d46-f15bccf99c22-22750335067968","trial_id":4,"step":2,"intermediate_value":1.170071051831831}
{"op_code":7,"worker_id":"7d72393b-b64a-4005-80b4-e7093cdaffbd-22549060794176","trial_id":6,"step":2,"intermediate_value":0.6989019826838845}
{"op_code":7,"worker_id":"bd200885-5ad1-425d-a348-9b56e8f599a1-23333299054400","trial_id":7,"step":2,"intermediate_value":1.192262091134724}
{"op_code":7,"worker_id":"1144632a-c692-4930-8f77-e444d171169e-23031388260160","trial_id":5,"step":2,"intermediate_value":1.1491876129518475}
{"op_code":7,"worker_id":"6b6f1060-0ce8-40e4-8d46-f15bccf99c22-22750335067968","trial_id":4,"step":3,"intermediate_value":1.267064606934263}
{"op_code":7,"worker_id":"7d72393b-b64a-4005-80b4-e7093cdaffbd-22549060794176","trial_id":6,"step":3,"intermediate_value":0.7161813692042702}
{"op_code":7,"worker_id":"bd200885-5ad1-425d-a348-9b56e8f599a1-23333299054400","trial_id":7,"step":3,"intermediate_value":1.2773929792538024}
{"op_code":7,"worker_id":"1144632a-c692-4930-8f77-e444d171169e-23031388260160","trial_id":5,"step":3,"intermediate_value":1.2808592821422375}
{"op_code":7,"worker_id":"6b6f1060-0ce8-40e4-8d46-f15bccf99c22-22750335067968","trial_id":4,"step":4,"intermediate_value":1.3099354798333687}
{"op_code":7,"worker_id":"7d72393b-b64a-4005-80b4-e7093cdaffbd-22549060794176","trial_id":6,"step":4,"intermediate_value":0.7242827750088876}
{"op_code":7,"worker_id":"bd200885-5ad1-425d-a348-9b56e8f599a1-23333299054400","trial_id":7,"step":4,"intermediate_value":1.340644070976659}
{"op_code":7,"worker_id":"1144632a-c692-4930-8f77-e444d171169e-23031388260160","trial_id":5,"step":4,"intermediate_value":1.304491206219322}
{"op_code":7,"worker_id":"6b6f1060-0ce8-40e4-8d46-f15bccf99c22-22750335067968","trial_id":4,"step":5,"intermediate_value":1.3252966152994257}
{"op_code":7,"worker_id":"7d72393b-b64a-4005-80b4-e7093cdaffbd-22549060794176","trial_id":6,"step":5,"intermediate_value":0.7097711228487784}
{"op_code":7,"worker_id":"bd200885-5ad1-425d-a348-9b56e8f599a1-23333299054400","trial_id":7,"step":5,"intermediate_value":1.3755026972084714}
{"op_code":7,"worker_id":"1144632a-c692-4930-8f77-e444d171169e-23031388260160","trial_id":5,"step":5,"intermediate_value":1.317317525545756}
{"op_code":7,"worker_id":"6b6f1060-0ce8-40e4-8d46-f15bccf99c22-22750335067968","trial_id":4,"step":6,"intermediate_value":1.330374707255447}
{"op_code":7,"worker_id":"7d72393b-b64a-4005-80b4-e7093cdaffbd-22549060794176","trial_id":6,"step":6,"intermediate_value":0.6906420191129049}
{"op_code":7,"worker_id":"1144632a-c692-4930-8f77-e444d171169e-23031388260160","trial_id":5,"step":6,"intermediate_value":1.3320908149083455}
{"op_code":7,"worker_id":"bd200885-5ad1-425d-a348-9b56e8f599a1-23333299054400","trial_id":7,"step":6,"intermediate_value":1.3935094611686574}
{"op_code":7,"worker_id":"6b6f1060-0ce8-40e4-8d46-f15bccf99c22-22750335067968","trial_id":4,"step":7,"intermediate_value":1.3695289733117086}
{"op_code":7,"worker_id":"7d72393b-b64a-4005-80b4-e7093cdaffbd-22549060794176","trial_id":6,"step":7,"intermediate_value":0.6844842684896368}
{"op_code":7,"worker_id":"1144632a-c692-4930-8f77-e444d171169e-23031388260160","trial_id":5,"step":7,"intermediate_value":1.3396218053081579}
{"op_code":7,"worker_id":"bd200885-5ad1-425d-a348-9b56e8f599a1-23333299054400","trial_id":7,"step":7,"intermediate_value":1.3993614033648842}
{"op_code":7,"worker_id":"6b6f1060-0ce8-40e4-8d46-f15bccf99c22-22750335067968","trial_id":4,"step":8,"intermediate_value":1.3486049049778988}
{"op_code":7,"worker_id":"7d72393b-b64a-4005-80b4-e7093cdaffbd-22549060794176","trial_id":6,"step":8,"intermediate_value":0.7005035657631723}
{"op_code":7,"worker_id":"1144632a-c692-4930-8f77-e444d171169e-23031388260160","trial_id":5,"step":8,"intermediate_value":1.3411465945996737}
{"op_code":7,"worker_id":"bd200885-5ad1-425d-a348-9b56e8f599a1-23333299054400","trial_id":7,"step":8,"intermediate_value":1.3585448934320818}
{"op_code":7,"worker_id":"6b6f1060-0ce8-40e4-8d46-f15bccf99c22-22750335067968","trial_id":4,"step":9,"intermediate_value":1.326016380075823}
{"op_code":7,"worker_id":"7d72393b-b64a-4005-80b4-e7093cdaffbd-22549060794176","trial_id":6,"step":9,"intermediate_value":0.6785333271612201}
{"op_code":7,"worker_id":"1144632a-c692-4930-8f77-e444d171169e-23031388260160","trial_id":5,"step":9,"intermediate_value":1.2873920976069935}
{"op_code":7,"worker_id":"bd200885-5ad1-425d-a348-9b56e8f599a1-23333299054400","trial_id":7,"step":9,"intermediate_value":1.1486943730136805}
{"op_code":7,"worker_id":"7d72393b-b64a-4005-80b4-e7093cdaffbd-22549060794176","trial_id":6,"step":10,"intermediate_value":0.6592416491424828}
{"op_code":7,"worker_id":"1144632a-c692-4930-8f77-e444d171169e-23031388260160","trial_id":5,"step":10,"intermediate_value":1.0339971069704021}
{"op_code":7,"worker_id":"bd200885-5ad1-425d-a348-9b56e8f599a1-23333299054400","trial_id":7,"step":10,"intermediate_value":0.9091058289795592}
{"op_code":6,"worker_id":"6b6f1060-0ce8-40e4-8d46-f15bccf99c22-22750335067968","trial_id":4,"state":3,"values":null,"datetime_complete":"2026-04-21T15:34:07.525754"}
{"op_code":0,"worker_id":"75cd73a9-9f64-4984-b588-b661f26346f4-22717409843008","study_name":"hyperparameter_search","directions":[1]}
{"op_code":4,"worker_id":"75cd73a9-9f64-4984-b588-b661f26346f4-22717409843008","study_id":0,"datetime_start":"2026-04-21T15:37:32.146961"}
{"op_code":5,"worker_id":"75cd73a9-9f64-4984-b588-b661f26346f4-22717409843008","trial_id":8,"param_name":"learning_rate","param_value_internal":0.006400369183564024,"distribution":"{\"name\": \"FloatDistribution\", \"attributes\": {\"step\": null, \"low\": 0.0056, \"high\": 0.008, \"log\": true}}"}
{"op_code":5,"worker_id":"75cd73a9-9f64-4984-b588-b661f26346f4-22717409843008","trial_id":8,"param_name":"trt_structure","param_value_internal":0,"distribution":"{\"name\": \"CategoricalDistribution\", \"attributes\": {\"choices\": [\"CA+SA+SA+CA\", \"CA+SA+SA+SA+CA\"]}}"}
{"op_code":5,"worker_id":"75cd73a9-9f64-4984-b588-b661f26346f4-22717409843008","trial_id":8,"param_name":"mse_weight","param_value_internal":0,"distribution":"{\"name\": \"CategoricalDistribution\", \"attributes\": {\"choices\": [0.1, 0.2, 0.5]}}"}
{"op_code":5,"worker_id":"75cd73a9-9f64-4984-b588-b661f26346f4-22717409843008","trial_id":8,"param_name":"pcc_weight","param_value_internal":1,"distribution":"{\"name\": \"CategoricalDistribution\", \"attributes\": {\"choices\": [0.5, 1.0, 2.0]}}"}
{"op_code":5,"worker_id":"75cd73a9-9f64-4984-b588-b661f26346f4-22717409843008","trial_id":8,"param_name":"dropout","param_value_internal":0.07080725777960455,"distribution":"{\"name\": \"FloatDistribution\", \"attributes\": {\"step\": null, \"low\": 0.0, \"high\": 0.1, \"log\": false}}"}
{"op_code":7,"worker_id":"7d72393b-b64a-4005-80b4-e7093cdaffbd-22549060794176","trial_id":6,"step":11,"intermediate_value":0.6430975512454384}
{"op_code":7,"worker_id":"1144632a-c692-4930-8f77-e444d171169e-23031388260160","trial_id":5,"step":11,"intermediate_value":0.8647649894680893}
{"op_code":7,"worker_id":"bd200885-5ad1-425d-a348-9b56e8f599a1-23333299054400","trial_id":7,"step":11,"intermediate_value":0.8421875708981564}
{"op_code":7,"worker_id":"75cd73a9-9f64-4984-b588-b661f26346f4-22717409843008","trial_id":8,"step":0,"intermediate_value":0.7614522837755973}
{"op_code":7,"worker_id":"7d72393b-b64a-4005-80b4-e7093cdaffbd-22549060794176","trial_id":6,"step":12,"intermediate_value":0.6253613798241866}
{"op_code":7,"worker_id":"1144632a-c692-4930-8f77-e444d171169e-23031388260160","trial_id":5,"step":12,"intermediate_value":0.7801442533208612}
{"op_code":7,"worker_id":"bd200885-5ad1-425d-a348-9b56e8f599a1-23333299054400","trial_id":7,"step":12,"intermediate_value":0.7314979653609427}
{"op_code":7,"worker_id":"75cd73a9-9f64-4984-b588-b661f26346f4-22717409843008","trial_id":8,"step":1,"intermediate_value":0.7056980906871327}
{"op_code":7,"worker_id":"7d72393b-b64a-4005-80b4-e7093cdaffbd-22549060794176","trial_id":6,"step":13,"intermediate_value":0.6075979805829232}
{"op_code":7,"worker_id":"1144632a-c692-4930-8f77-e444d171169e-23031388260160","trial_id":5,"step":13,"intermediate_value":0.701003072554605}
{"op_code":7,"worker_id":"bd200885-5ad1-425d-a348-9b56e8f599a1-23333299054400","trial_id":7,"step":13,"intermediate_value":0.6860534182766027}
{"op_code":7,"worker_id":"75cd73a9-9f64-4984-b588-b661f26346f4-22717409843008","trial_id":8,"step":2,"intermediate_value":0.6825405882115949}
{"op_code":7,"worker_id":"7d72393b-b64a-4005-80b4-e7093cdaffbd-22549060794176","trial_id":6,"step":14,"intermediate_value":0.597732871248011}
{"op_code":7,"worker_id":"1144632a-c692-4930-8f77-e444d171169e-23031388260160","trial_id":5,"step":14,"intermediate_value":0.6720158311358669}
{"op_code":7,"worker_id":"bd200885-5ad1-425d-a348-9b56e8f599a1-23333299054400","trial_id":7,"step":14,"intermediate_value":0.665148049070124}
{"op_code":7,"worker_id":"75cd73a9-9f64-4984-b588-b661f26346f4-22717409843008","trial_id":8,"step":3,"intermediate_value":0.6905155641990796}
{"op_code":7,"worker_id":"7d72393b-b64a-4005-80b4-e7093cdaffbd-22549060794176","trial_id":6,"step":15,"intermediate_value":0.5920314454195792}
{"op_code":7,"worker_id":"1144632a-c692-4930-8f77-e444d171169e-23031388260160","trial_id":5,"step":15,"intermediate_value":0.6495528074732998}
{"op_code":7,"worker_id":"bd200885-5ad1-425d-a348-9b56e8f599a1-23333299054400","trial_id":7,"step":15,"intermediate_value":0.6464562206937555}
{"op_code":7,"worker_id":"75cd73a9-9f64-4984-b588-b661f26346f4-22717409843008","trial_id":8,"step":4,"intermediate_value":0.6877227519687853}
{"op_code":7,"worker_id":"7d72393b-b64a-4005-80b4-e7093cdaffbd-22549060794176","trial_id":6,"step":16,"intermediate_value":0.5831756759108159}
{"op_code":7,"worker_id":"1144632a-c692-4930-8f77-e444d171169e-23031388260160","trial_id":5,"step":16,"intermediate_value":0.6383766437831678}
{"op_code":7,"worker_id":"bd200885-5ad1-425d-a348-9b56e8f599a1-23333299054400","trial_id":7,"step":16,"intermediate_value":0.633896365500333}
{"op_code":7,"worker_id":"75cd73a9-9f64-4984-b588-b661f26346f4-22717409843008","trial_id":8,"step":5,"intermediate_value":0.6816168877116421}
{"op_code":7,"worker_id":"7d72393b-b64a-4005-80b4-e7093cdaffbd-22549060794176","trial_id":6,"step":17,"intermediate_value":0.5783397670377765}
{"op_code":7,"worker_id":"1144632a-c692-4930-8f77-e444d171169e-23031388260160","trial_id":5,"step":17,"intermediate_value":0.6243673332950526}
{"op_code":7,"worker_id":"bd200885-5ad1-425d-a348-9b56e8f599a1-23333299054400","trial_id":7,"step":17,"intermediate_value":0.6188831601226539}
{"op_code":7,"worker_id":"75cd73a9-9f64-4984-b588-b661f26346f4-22717409843008","trial_id":8,"step":6,"intermediate_value":0.6831173342570924}
{"op_code":7,"worker_id":"7d72393b-b64a-4005-80b4-e7093cdaffbd-22549060794176","trial_id":6,"step":18,"intermediate_value":0.5750118828656381}
{"op_code":7,"worker_id":"1144632a-c692-4930-8f77-e444d171169e-23031388260160","trial_id":5,"step":18,"intermediate_value":0.6086265151960808}
{"op_code":7,"worker_id":"bd200885-5ad1-425d-a348-9b56e8f599a1-23333299054400","trial_id":7,"step":18,"intermediate_value":0.6107613360672667}
{"op_code":7,"worker_id":"75cd73a9-9f64-4984-b588-b661f26346f4-22717409843008","trial_id":8,"step":7,"intermediate_value":0.6656431974026195}
{"op_code":7,"worker_id":"7d72393b-b64a-4005-80b4-e7093cdaffbd-22549060794176","trial_id":6,"step":19,"intermediate_value":0.5642958921298646}
{"op_code":7,"worker_id":"1144632a-c692-4930-8f77-e444d171169e-23031388260160","trial_id":5,"step":19,"intermediate_value":0.5993754665056864}
{"op_code":7,"worker_id":"bd200885-5ad1-425d-a348-9b56e8f599a1-23333299054400","trial_id":7,"step":19,"intermediate_value":0.6006142873513071}
{"op_code":7,"worker_id":"75cd73a9-9f64-4984-b588-b661f26346f4-22717409843008","trial_id":8,"step":8,"intermediate_value":0.7026190621811047}
{"op_code":7,"worker_id":"7d72393b-b64a-4005-80b4-e7093cdaffbd-22549060794176","trial_id":6,"step":20,"intermediate_value":0.5582388900873954}
{"op_code":7,"worker_id":"1144632a-c692-4930-8f77-e444d171169e-23031388260160","trial_id":5,"step":20,"intermediate_value":0.5911029922334772}
{"op_code":7,"worker_id":"bd200885-5ad1-425d-a348-9b56e8f599a1-23333299054400","trial_id":7,"step":20,"intermediate_value":0.5947653766263995}
{"op_code":7,"worker_id":"75cd73a9-9f64-4984-b588-b661f26346f4-22717409843008","trial_id":8,"step":9,"intermediate_value":0.6653122232671369}
{"op_code":7,"worker_id":"7d72393b-b64a-4005-80b4-e7093cdaffbd-22549060794176","trial_id":6,"step":21,"intermediate_value":0.5513451737270021}
{"op_code":7,"worker_id":"1144632a-c692-4930-8f77-e444d171169e-23031388260160","trial_id":5,"step":21,"intermediate_value":0.5853502687654997}
{"op_code":7,"worker_id":"bd200885-5ad1-425d-a348-9b56e8f599a1-23333299054400","trial_id":7,"step":21,"intermediate_value":0.5870486435137297}
{"op_code":7,"worker_id":"75cd73a9-9f64-4984-b588-b661f26346f4-22717409843008","trial_id":8,"step":10,"intermediate_value":0.644341718732265}
{"op_code":7,"worker_id":"7d72393b-b64a-4005-80b4-e7093cdaffbd-22549060794176","trial_id":6,"step":22,"intermediate_value":0.5456954951871905}
{"op_code":7,"worker_id":"1144632a-c692-4930-8f77-e444d171169e-23031388260160","trial_id":5,"step":22,"intermediate_value":0.5783119421256216}
{"op_code":7,"worker_id":"bd200885-5ad1-425d-a348-9b56e8f599a1-23333299054400","trial_id":7,"step":22,"intermediate_value":0.5815751876747399}
{"op_code":7,"worker_id":"75cd73a9-9f64-4984-b588-b661f26346f4-22717409843008","trial_id":8,"step":11,"intermediate_value":0.6366510150725382}
{"op_code":7,"worker_id":"7d72393b-b64a-4005-80b4-e7093cdaffbd-22549060794176","trial_id":6,"step":23,"intermediate_value":0.540911498822664}
{"op_code":7,"worker_id":"1144632a-c692-4930-8f77-e444d171169e-23031388260160","trial_id":5,"step":23,"intermediate_value":0.5706963099931416}
{"op_code":7,"worker_id":"bd200885-5ad1-425d-a348-9b56e8f599a1-23333299054400","trial_id":7,"step":23,"intermediate_value":0.5776510249104416}
{"op_code":7,"worker_id":"75cd73a9-9f64-4984-b588-b661f26346f4-22717409843008","trial_id":8,"step":12,"intermediate_value":0.623585373686071}
{"op_code":7,"worker_id":"7d72393b-b64a-4005-80b4-e7093cdaffbd-22549060794176","trial_id":6,"step":24,"intermediate_value":0.5341216174134037}
{"op_code":7,"worker_id":"1144632a-c692-4930-8f77-e444d171169e-23031388260160","trial_id":5,"step":24,"intermediate_value":0.5689079081803038}
{"op_code":7,"worker_id":"bd200885-5ad1-425d-a348-9b56e8f599a1-23333299054400","trial_id":7,"step":24,"intermediate_value":0.5815522451149789}
{"op_code":7,"worker_id":"75cd73a9-9f64-4984-b588-b661f26346f4-22717409843008","trial_id":8,"step":13,"intermediate_value":0.6112302980924907}
{"op_code":7,"worker_id":"7d72393b-b64a-4005-80b4-e7093cdaffbd-22549060794176","trial_id":6,"step":25,"intermediate_value":0.5280676965127912}
{"op_code":7,"worker_id":"1144632a-c692-4930-8f77-e444d171169e-23031388260160","trial_id":5,"step":25,"intermediate_value":0.5635023618999281}
{"op_code":7,"worker_id":"bd200885-5ad1-425d-a348-9b56e8f599a1-23333299054400","trial_id":7,"step":25,"intermediate_value":0.5747324646564952}
{"op_code":7,"worker_id":"75cd73a9-9f64-4984-b588-b661f26346f4-22717409843008","trial_id":8,"step":14,"intermediate_value":0.6017732442471019}
{"op_code":7,"worker_id":"7d72393b-b64a-4005-80b4-e7093cdaffbd-22549060794176","trial_id":6,"step":26,"intermediate_value":0.5238361301129324}
{"op_code":7,"worker_id":"1144632a-c692-4930-8f77-e444d171169e-23031388260160","trial_id":5,"step":26,"intermediate_value":0.5575332672972428}
{"op_code":7,"worker_id":"bd200885-5ad1-425d-a348-9b56e8f599a1-23333299054400","trial_id":7,"step":26,"intermediate_value":0.5683680270847521}
{"op_code":7,"worker_id":"75cd73a9-9f64-4984-b588-b661f26346f4-22717409843008","trial_id":8,"step":15,"intermediate_value":0.5944135962871083}
{"op_code":7,"worker_id":"7d72393b-b64a-4005-80b4-e7093cdaffbd-22549060794176","trial_id":6,"step":27,"intermediate_value":0.5168762191345817}
{"op_code":7,"worker_id":"1144632a-c692-4930-8f77-e444d171169e-23031388260160","trial_id":5,"step":27,"intermediate_value":0.5512137015660604}
{"op_code":7,"worker_id":"bd200885-5ad1-425d-a348-9b56e8f599a1-23333299054400","trial_id":7,"step":27,"intermediate_value":0.5645140242158321}
{"op_code":7,"worker_id":"75cd73a9-9f64-4984-b588-b661f26346f4-22717409843008","trial_id":8,"step":16,"intermediate_value":0.5894716225172344}
{"op_code":7,"worker_id":"7d72393b-b64a-4005-80b4-e7093cdaffbd-22549060794176","trial_id":6,"step":28,"intermediate_value":0.510233794910866}
{"op_code":7,"worker_id":"1144632a-c692-4930-8f77-e444d171169e-23031388260160","trial_id":5,"step":28,"intermediate_value":0.545891451208215}
{"op_code":7,"worker_id":"bd200885-5ad1-425d-a348-9b56e8f599a1-23333299054400","trial_id":7,"step":28,"intermediate_value":0.5662061028313219}
{"op_code":7,"worker_id":"75cd73a9-9f64-4984-b588-b661f26346f4-22717409843008","trial_id":8,"step":17,"intermediate_value":0.5859714108600951}
{"op_code":7,"worker_id":"7d72393b-b64a-4005-80b4-e7093cdaffbd-22549060794176","trial_id":6,"step":29,"intermediate_value":0.5026971122674775}
{"op_code":7,"worker_id":"1144632a-c692-4930-8f77-e444d171169e-23031388260160","trial_id":5,"step":29,"intermediate_value":0.54399622846068}
{"op_code":7,"worker_id":"bd200885-5ad1-425d-a348-9b56e8f599a1-23333299054400","trial_id":7,"step":29,"intermediate_value":0.5587370615256461}
{"op_code":7,"worker_id":"75cd73a9-9f64-4984-b588-b661f26346f4-22717409843008","trial_id":8,"step":18,"intermediate_value":0.5781469732000116}
{"op_code":7,"worker_id":"7d72393b-b64a-4005-80b4-e7093cdaffbd-22549060794176","trial_id":6,"step":30,"intermediate_value":0.5003787749692014}
{"op_code":7,"worker_id":"1144632a-c692-4930-8f77-e444d171169e-23031388260160","trial_id":5,"step":30,"intermediate_value":0.5434250376726452}
{"op_code":7,"worker_id":"bd200885-5ad1-425d-a348-9b56e8f599a1-23333299054400","trial_id":7,"step":30,"intermediate_value":0.5575622748910335}
{"op_code":7,"worker_id":"75cd73a9-9f64-4984-b588-b661f26346f4-22717409843008","trial_id":8,"step":19,"intermediate_value":0.5734012398803443}
{"op_code":7,"worker_id":"7d72393b-b64a-4005-80b4-e7093cdaffbd-22549060794176","trial_id":6,"step":31,"intermediate_value":0.4940197337092015}
{"op_code":7,"worker_id":"1144632a-c692-4930-8f77-e444d171169e-23031388260160","trial_id":5,"step":31,"intermediate_value":0.5379902563597027}
{"op_code":7,"worker_id":"bd200885-5ad1-425d-a348-9b56e8f599a1-23333299054400","trial_id":7,"step":31,"intermediate_value":0.5546929972213611}
{"op_code":7,"worker_id":"75cd73a9-9f64-4984-b588-b661f26346f4-22717409843008","trial_id":8,"step":20,"intermediate_value":0.571472892635747}
{"op_code":7,"worker_id":"7d72393b-b64a-4005-80b4-e7093cdaffbd-22549060794176","trial_id":6,"step":32,"intermediate_value":0.4887767638030805}
{"op_code":7,"worker_id":"1144632a-c692-4930-8f77-e444d171169e-23031388260160","trial_id":5,"step":32,"intermediate_value":0.5334490663126895}
{"op_code":7,"worker_id":"bd200885-5ad1-425d-a348-9b56e8f599a1-23333299054400","trial_id":7,"step":32,"intermediate_value":0.552297083955062}
{"op_code":7,"worker_id":"75cd73a9-9f64-4984-b588-b661f26346f4-22717409843008","trial_id":8,"step":21,"intermediate_value":0.5666214604126779}
{"op_code":7,"worker_id":"7d72393b-b64a-4005-80b4-e7093cdaffbd-22549060794176","trial_id":6,"step":33,"intermediate_value":0.48410591901394356}
{"op_code":7,"worker_id":"1144632a-c692-4930-8f77-e444d171169e-23031388260160","trial_id":5,"step":33,"intermediate_value":0.5256975517984022}
{"op_code":7,"worker_id":"bd200885-5ad1-425d-a348-9b56e8f599a1-23333299054400","trial_id":7,"step":33,"intermediate_value":0.5552705421782377}
{"op_code":7,"worker_id":"75cd73a9-9f64-4984-b588-b661f26346f4-22717409843008","trial_id":8,"step":22,"intermediate_value":0.5616793287427801}
{"op_code":7,"worker_id":"7d72393b-b64a-4005-80b4-e7093cdaffbd-22549060794176","trial_id":6,"step":34,"intermediate_value":0.47764400170560467}
{"op_code":7,"worker_id":"1144632a-c692-4930-8f77-e444d171169e-23031388260160","trial_id":5,"step":34,"intermediate_value":0.5226984818776449}
{"op_code":7,"worker_id":"bd200885-5ad1-425d-a348-9b56e8f599a1-23333299054400","trial_id":7,"step":34,"intermediate_value":0.5493555518618801}
{"op_code":7,"worker_id":"75cd73a9-9f64-4984-b588-b661f26346f4-22717409843008","trial_id":8,"step":23,"intermediate_value":0.5562895525965774}
{"op_code":7,"worker_id":"7d72393b-b64a-4005-80b4-e7093cdaffbd-22549060794176","trial_id":6,"step":35,"intermediate_value":0.47506987577990484}
{"op_code":7,"worker_id":"1144632a-c692-4930-8f77-e444d171169e-23031388260160","trial_id":5,"step":35,"intermediate_value":0.5180526741764002}
{"op_code":7,"worker_id":"bd200885-5ad1-425d-a348-9b56e8f599a1-23333299054400","trial_id":7,"step":35,"intermediate_value":0.5454589630428114}
{"op_code":7,"worker_id":"75cd73a9-9f64-4984-b588-b661f26346f4-22717409843008","trial_id":8,"step":24,"intermediate_value":0.5504922845907378}
{"op_code":7,"worker_id":"7d72393b-b64a-4005-80b4-e7093cdaffbd-22549060794176","trial_id":6,"step":36,"intermediate_value":0.4687461617745851}
{"op_code":7,"worker_id":"1144632a-c692-4930-8f77-e444d171169e-23031388260160","trial_id":5,"step":36,"intermediate_value":0.5117473126503459}
{"op_code":7,"worker_id":"bd200885-5ad1-425d-a348-9b56e8f599a1-23333299054400","trial_id":7,"step":36,"intermediate_value":0.5427557376393101}
{"op_code":7,"worker_id":"75cd73a9-9f64-4984-b588-b661f26346f4-22717409843008","trial_id":8,"step":25,"intermediate_value":0.5471598579172503}
{"op_code":7,"worker_id":"7d72393b-b64a-4005-80b4-e7093cdaffbd-22549060794176","trial_id":6,"step":37,"intermediate_value":0.47022991588241175}
{"op_code":7,"worker_id":"1144632a-c692-4930-8f77-e444d171169e-23031388260160","trial_id":5,"step":37,"intermediate_value":0.5115438495811663}
{"op_code":7,"worker_id":"bd200885-5ad1-425d-a348-9b56e8f599a1-23333299054400","trial_id":7,"step":37,"intermediate_value":0.5393675722573933}
{"op_code":7,"worker_id":"75cd73a9-9f64-4984-b588-b661f26346f4-22717409843008","trial_id":8,"step":26,"intermediate_value":0.5408879110687658}
{"op_code":7,"worker_id":"7d72393b-b64a-4005-80b4-e7093cdaffbd-22549060794176","trial_id":6,"step":38,"intermediate_value":0.4606111781638965}
{"op_code":7,"worker_id":"1144632a-c692-4930-8f77-e444d171169e-23031388260160","trial_id":5,"step":38,"intermediate_value":0.5075996706360265}
{"op_code":7,"worker_id":"bd200885-5ad1-425d-a348-9b56e8f599a1-23333299054400","trial_id":7,"step":38,"intermediate_value":0.5367804634989354}
{"op_code":7,"worker_id":"75cd73a9-9f64-4984-b588-b661f26346f4-22717409843008","trial_id":8,"step":27,"intermediate_value":0.5369852681954702}
{"op_code":7,"worker_id":"7d72393b-b64a-4005-80b4-e7093cdaffbd-22549060794176","trial_id":6,"step":39,"intermediate_value":0.4584984355851224}
{"op_code":7,"worker_id":"1144632a-c692-4930-8f77-e444d171169e-23031388260160","trial_id":5,"step":39,"intermediate_value":0.5084471540492878}
{"op_code":7,"worker_id":"bd200885-5ad1-425d-a348-9b56e8f599a1-23333299054400","trial_id":7,"step":39,"intermediate_value":0.5328334005255448}
{"op_code":7,"worker_id":"75cd73a9-9f64-4984-b588-b661f26346f4-22717409843008","trial_id":8,"step":28,"intermediate_value":0.5345712063605326}
{"op_code":7,"worker_id":"7d72393b-b64a-4005-80b4-e7093cdaffbd-22549060794176","trial_id":6,"step":40,"intermediate_value":0.4532144080128586}
{"op_code":7,"worker_id":"1144632a-c692-4930-8f77-e444d171169e-23031388260160","trial_id":5,"step":40,"intermediate_value":0.4988631119853572}
{"op_code":7,"worker_id":"bd200885-5ad1-425d-a348-9b56e8f599a1-23333299054400","trial_id":7,"step":40,"intermediate_value":0.5281574799303423}
{"op_code":7,"worker_id":"75cd73a9-9f64-4984-b588-b661f26346f4-22717409843008","trial_id":8,"step":29,"intermediate_value":0.5279853777927265}
{"op_code":7,"worker_id":"7d72393b-b64a-4005-80b4-e7093cdaffbd-22549060794176","trial_id":6,"step":41,"intermediate_value":0.4502162776495281}
{"op_code":7,"worker_id":"1144632a-c692-4930-8f77-e444d171169e-23031388260160","trial_id":5,"step":41,"intermediate_value":0.49663176034626205}
{"op_code":7,"worker_id":"bd200885-5ad1-425d-a348-9b56e8f599a1-23333299054400","trial_id":7,"step":41,"intermediate_value":0.5268082603027946}
{"op_code":7,"worker_id":"75cd73a9-9f64-4984-b588-b661f26346f4-22717409843008","trial_id":8,"step":30,"intermediate_value":0.5236075928336695}
{"op_code":7,"worker_id":"7d72393b-b64a-4005-80b4-e7093cdaffbd-22549060794176","trial_id":6,"step":42,"intermediate_value":0.44806514235964995}
{"op_code":7,"worker_id":"1144632a-c692-4930-8f77-e444d171169e-23031388260160","trial_id":5,"step":42,"intermediate_value":0.49339558262574046}
{"op_code":7,"worker_id":"bd200885-5ad1-425d-a348-9b56e8f599a1-23333299054400","trial_id":7,"step":42,"intermediate_value":0.5244854176253603}
{"op_code":7,"worker_id":"75cd73a9-9f64-4984-b588-b661f26346f4-22717409843008","trial_id":8,"step":31,"intermediate_value":0.5204062247485445}
{"op_code":7,"worker_id":"7d72393b-b64a-4005-80b4-e7093cdaffbd-22549060794176","trial_id":6,"step":43,"intermediate_value":0.44562914340119614}
{"op_code":7,"worker_id":"1144632a-c692-4930-8f77-e444d171169e-23031388260160","trial_id":5,"step":43,"intermediate_value":0.4886566724693566}
{"op_code":7,"worker_id":"bd200885-5ad1-425d-a348-9b56e8f599a1-23333299054400","trial_id":7,"step":43,"intermediate_value":0.5187190614248577}
{"op_code":7,"worker_id":"75cd73a9-9f64-4984-b588-b661f26346f4-22717409843008","trial_id":8,"step":32,"intermediate_value":0.513424590491412}
{"op_code":7,"worker_id":"7d72393b-b64a-4005-80b4-e7093cdaffbd-22549060794176","trial_id":6,"step":44,"intermediate_value":0.4410844011264935}
{"op_code":7,"worker_id":"1144632a-c692-4930-8f77-e444d171169e-23031388260160","trial_id":5,"step":44,"intermediate_value":0.4844687204611929}
{"op_code":7,"worker_id":"bd200885-5ad1-425d-a348-9b56e8f599a1-23333299054400","trial_id":7,"step":44,"intermediate_value":0.5185647104915819}
{"op_code":7,"worker_id":"75cd73a9-9f64-4984-b588-b661f26346f4-22717409843008","trial_id":8,"step":33,"intermediate_value":0.5090267292240209}
{"op_code":7,"worker_id":"7d72393b-b64a-4005-80b4-e7093cdaffbd-22549060794176","trial_id":6,"step":45,"intermediate_value":0.44670406820481284}
{"op_code":7,"worker_id":"1144632a-c692-4930-8f77-e444d171169e-23031388260160","trial_id":5,"step":45,"intermediate_value":0.48563154904465927}
{"op_code":7,"worker_id":"bd200885-5ad1-425d-a348-9b56e8f599a1-23333299054400","trial_id":7,"step":45,"intermediate_value":0.5181300744675753}
{"op_code":7,"worker_id":"75cd73a9-9f64-4984-b588-b661f26346f4-22717409843008","trial_id":8,"step":34,"intermediate_value":0.5049808490694615}
{"op_code":7,"worker_id":"7d72393b-b64a-4005-80b4-e7093cdaffbd-22549060794176","trial_id":6,"step":46,"intermediate_value":0.43911940591377124}
{"op_code":7,"worker_id":"1144632a-c692-4930-8f77-e444d171169e-23031388260160","trial_id":5,"step":46,"intermediate_value":0.482809688438449}
{"op_code":7,"worker_id":"bd200885-5ad1-425d-a348-9b56e8f599a1-23333299054400","trial_id":7,"step":46,"intermediate_value":0.5095417400201162}
{"op_code":7,"worker_id":"75cd73a9-9f64-4984-b588-b661f26346f4-22717409843008","trial_id":8,"step":35,"intermediate_value":0.498566796905116}
{"op_code":7,"worker_id":"7d72393b-b64a-4005-80b4-e7093cdaffbd-22549060794176","trial_id":6,"step":47,"intermediate_value":0.43341665205202606}
{"op_code":7,"worker_id":"1144632a-c692-4930-8f77-e444d171169e-23031388260160","trial_id":5,"step":47,"intermediate_value":0.4815672301409537}
{"op_code":7,"worker_id":"bd200885-5ad1-425d-a348-9b56e8f599a1-23333299054400","trial_id":7,"step":47,"intermediate_value":0.5066247122329578}
{"op_code":7,"worker_id":"75cd73a9-9f64-4984-b588-b661f26346f4-22717409843008","trial_id":8,"step":36,"intermediate_value":0.4939658437904559}
{"op_code":7,"worker_id":"7d72393b-b64a-4005-80b4-e7093cdaffbd-22549060794176","trial_id":6,"step":48,"intermediate_value":0.4318508950241825}
{"op_code":7,"worker_id":"1144632a-c692-4930-8f77-e444d171169e-23031388260160","trial_id":5,"step":48,"intermediate_value":0.4751540045989187}
{"op_code":7,"worker_id":"bd200885-5ad1-425d-a348-9b56e8f599a1-23333299054400","trial_id":7,"step":48,"intermediate_value":0.5010680012535631}
{"op_code":7,"worker_id":"75cd73a9-9f64-4984-b588-b661f26346f4-22717409843008","trial_id":8,"step":37,"intermediate_value":0.4924548142834714}
{"op_code":7,"worker_id":"7d72393b-b64a-4005-80b4-e7093cdaffbd-22549060794176","trial_id":6,"step":49,"intermediate_value":0.4315772459172366}
{"op_code":7,"worker_id":"1144632a-c692-4930-8f77-e444d171169e-23031388260160","trial_id":5,"step":49,"intermediate_value":0.47389837001499374}
{"op_code":7,"worker_id":"bd200885-5ad1-425d-a348-9b56e8f599a1-23333299054400","trial_id":7,"step":49,"intermediate_value":0.4986732006072998}
{"op_code":7,"worker_id":"75cd73a9-9f64-4984-b588-b661f26346f4-22717409843008","trial_id":8,"step":38,"intermediate_value":0.48684812324088916}
{"op_code":7,"worker_id":"7d72393b-b64a-4005-80b4-e7093cdaffbd-22549060794176","trial_id":6,"step":50,"intermediate_value":0.43002325348686754}
{"op_code":7,"worker_id":"1144632a-c692-4930-8f77-e444d171169e-23031388260160","trial_id":5,"step":50,"intermediate_value":0.4711758860370569}
{"op_code":7,"worker_id":"bd200885-5ad1-425d-a348-9b56e8f599a1-23333299054400","trial_id":7,"step":50,"intermediate_value":0.495946968333763}
{"op_code":7,"worker_id":"75cd73a9-9f64-4984-b588-b661f26346f4-22717409843008","trial_id":8,"step":39,"intermediate_value":0.48381122946739197}
{"op_code":7,"worker_id":"7d72393b-b64a-4005-80b4-e7093cdaffbd-22549060794176","trial_id":6,"step":51,"intermediate_value":0.4311573186464477}
{"op_code":7,"worker_id":"1144632a-c692-4930-8f77-e444d171169e-23031388260160","trial_id":5,"step":51,"intermediate_value":0.46782979212309184}
{"op_code":7,"worker_id":"bd200885-5ad1-425d-a348-9b56e8f599a1-23333299054400","trial_id":7,"step":51,"intermediate_value":0.48975284319174917}
{"op_code":7,"worker_id":"75cd73a9-9f64-4984-b588-b661f26346f4-22717409843008","trial_id":8,"step":40,"intermediate_value":0.48014239313309653}
{"op_code":7,"worker_id":"7d72393b-b64a-4005-80b4-e7093cdaffbd-22549060794176","trial_id":6,"step":52,"intermediate_value":0.4233893056710561}
{"op_code":7,"worker_id":"1144632a-c692-4930-8f77-e444d171169e-23031388260160","trial_id":5,"step":52,"intermediate_value":0.4660217997274901}
{"op_code":7,"worker_id":"bd200885-5ad1-425d-a348-9b56e8f599a1-23333299054400","trial_id":7,"step":52,"intermediate_value":0.4860195826020157}
{"op_code":7,"worker_id":"75cd73a9-9f64-4984-b588-b661f26346f4-22717409843008","trial_id":8,"step":41,"intermediate_value":0.4784788191318512}
{"op_code":7,"worker_id":"7d72393b-b64a-4005-80b4-e7093cdaffbd-22549060794176","trial_id":6,"step":53,"intermediate_value":0.42039141372630473}
{"op_code":7,"worker_id":"1144632a-c692-4930-8f77-e444d171169e-23031388260160","trial_id":5,"step":53,"intermediate_value":0.46151971085029736}
{"op_code":7,"worker_id":"bd200885-5ad1-425d-a348-9b56e8f599a1-23333299054400","trial_id":7,"step":53,"intermediate_value":0.48191545982109874}
{"op_code":7,"worker_id":"75cd73a9-9f64-4984-b588-b661f26346f4-22717409843008","trial_id":8,"step":42,"intermediate_value":0.4725452813140133}
{"op_code":7,"worker_id":"7d72393b-b64a-4005-80b4-e7093cdaffbd-22549060794176","trial_id":6,"step":54,"intermediate_value":0.4181220761516638}
{"op_code":7,"worker_id":"1144632a-c692-4930-8f77-e444d171169e-23031388260160","trial_id":5,"step":54,"intermediate_value":0.46532940603139106}
{"op_code":7,"worker_id":"bd200885-5ad1-425d-a348-9b56e8f599a1-23333299054400","trial_id":7,"step":54,"intermediate_value":0.4824773277107038}
{"op_code":7,"worker_id":"75cd73a9-9f64-4984-b588-b661f26346f4-22717409843008","trial_id":8,"step":43,"intermediate_value":0.4681109995172735}
{"op_code":7,"worker_id":"7d72393b-b64a-4005-80b4-e7093cdaffbd-22549060794176","trial_id":6,"step":55,"intermediate_value":0.4132852015788095}
{"op_code":7,"worker_id":"1144632a-c692-4930-8f77-e444d171169e-23031388260160","trial_id":5,"step":55,"intermediate_value":0.4641273466118595}
{"op_code":7,"worker_id":"bd200885-5ad1-425d-a348-9b56e8f599a1-23333299054400","trial_id":7,"step":55,"intermediate_value":0.4769978690565678}
{"op_code":7,"worker_id":"75cd73a9-9f64-4984-b588-b661f26346f4-22717409843008","trial_id":8,"step":44,"intermediate_value":0.46298829714457196}
{"op_code":7,"worker_id":"7d72393b-b64a-4005-80b4-e7093cdaffbd-22549060794176","trial_id":6,"step":56,"intermediate_value":0.41377403077326325}
{"op_code":7,"worker_id":"1144632a-c692-4930-8f77-e444d171169e-23031388260160","trial_id":5,"step":56,"intermediate_value":0.4590813413000943}
{"op_code":7,"worker_id":"bd200885-5ad1-425d-a348-9b56e8f599a1-23333299054400","trial_id":7,"step":56,"intermediate_value":0.4769854357368068}
{"op_code":7,"worker_id":"75cd73a9-9f64-4984-b588-b661f26346f4-22717409843008","trial_id":8,"step":45,"intermediate_value":0.45930878530468855}
{"op_code":7,"worker_id":"7d72393b-b64a-4005-80b4-e7093cdaffbd-22549060794176","trial_id":6,"step":57,"intermediate_value":0.4110019144259001}
{"op_code":7,"worker_id":"1144632a-c692-4930-8f77-e444d171169e-23031388260160","trial_id":5,"step":57,"intermediate_value":0.4586673823364994}
{"op_code":7,"worker_id":"bd200885-5ad1-425d-a348-9b56e8f599a1-23333299054400","trial_id":7,"step":57,"intermediate_value":0.47052131096522015}
{"op_code":7,"worker_id":"75cd73a9-9f64-4984-b588-b661f26346f4-22717409843008","trial_id":8,"step":46,"intermediate_value":0.4581873380301291}
{"op_code":7,"worker_id":"7d72393b-b64a-4005-80b4-e7093cdaffbd-22549060794176","trial_id":6,"step":58,"intermediate_value":0.40616372018529656}
{"op_code":7,"worker_id":"1144632a-c692-4930-8f77-e444d171169e-23031388260160","trial_id":5,"step":58,"intermediate_value":0.4541681408882141}
{"op_code":7,"worker_id":"bd200885-5ad1-425d-a348-9b56e8f599a1-23333299054400","trial_id":7,"step":58,"intermediate_value":0.4676416338535777}
{"op_code":7,"worker_id":"75cd73a9-9f64-4984-b588-b661f26346f4-22717409843008","trial_id":8,"step":47,"intermediate_value":0.4568099039688445}
{"op_code":7,"worker_id":"7d72393b-b64a-4005-80b4-e7093cdaffbd-22549060794176","trial_id":6,"step":59,"intermediate_value":0.40647453017402113}
{"op_code":7,"worker_id":"1144632a-c692-4930-8f77-e444d171169e-23031388260160","trial_id":5,"step":59,"intermediate_value":0.45119403851659673}
{"op_code":7,"worker_id":"bd200885-5ad1-425d-a348-9b56e8f599a1-23333299054400","trial_id":7,"step":59,"intermediate_value":0.4737690342100043}
{"op_code":7,"worker_id":"75cd73a9-9f64-4984-b588-b661f26346f4-22717409843008","trial_id":8,"step":48,"intermediate_value":0.4536891224091513}
{"op_code":7,"worker_id":"7d72393b-b64a-4005-80b4-e7093cdaffbd-22549060794176","trial_id":6,"step":60,"intermediate_value":0.4021652701653932}
{"op_code":7,"worker_id":"1144632a-c692-4930-8f77-e444d171169e-23031388260160","trial_id":5,"step":60,"intermediate_value":0.44997290561073705}
{"op_code":7,"worker_id":"bd200885-5ad1-425d-a348-9b56e8f599a1-23333299054400","trial_id":7,"step":60,"intermediate_value":0.46048874028942044}
{"op_code":7,"worker_id":"75cd73a9-9f64-4984-b588-b661f26346f4-22717409843008","trial_id":8,"step":49,"intermediate_value":0.44894559080140634}
{"op_code":7,"worker_id":"7d72393b-b64a-4005-80b4-e7093cdaffbd-22549060794176","trial_id":6,"step":61,"intermediate_value":0.40091269267232793}
{"op_code":7,"worker_id":"1144632a-c692-4930-8f77-e444d171169e-23031388260160","trial_id":5,"step":61,"intermediate_value":0.44955913434948835}
{"op_code":7,"worker_id":"bd200885-5ad1-425d-a348-9b56e8f599a1-23333299054400","trial_id":7,"step":61,"intermediate_value":0.4598742838491473}
{"op_code":7,"worker_id":"75cd73a9-9f64-4984-b588-b661f26346f4-22717409843008","trial_id":8,"step":50,"intermediate_value":0.44777997648506834}
{"op_code":7,"worker_id":"7d72393b-b64a-4005-80b4-e7093cdaffbd-22549060794176","trial_id":6,"step":62,"intermediate_value":0.39740266977695}
{"op_code":7,"worker_id":"1144632a-c692-4930-8f77-e444d171169e-23031388260160","trial_id":5,"step":62,"intermediate_value":0.4487573786785728}
{"op_code":7,"worker_id":"bd200885-5ad1-425d-a348-9b56e8f599a1-23333299054400","trial_id":7,"step":62,"intermediate_value":0.4568457211318769}
{"op_code":7,"worker_id":"75cd73a9-9f64-4984-b588-b661f26346f4-22717409843008","trial_id":8,"step":51,"intermediate_value":0.44266431582601445}
{"op_code":7,"worker_id":"7d72393b-b64a-4005-80b4-e7093cdaffbd-22549060794176","trial_id":6,"step":63,"intermediate_value":0.3967129588127136}
{"op_code":7,"worker_id":"1144632a-c692-4930-8f77-e444d171169e-23031388260160","trial_id":5,"step":63,"intermediate_value":0.44297345636183755}
{"op_code":7,"worker_id":"bd200885-5ad1-425d-a348-9b56e8f599a1-23333299054400","trial_id":7,"step":63,"intermediate_value":0.4534258591501336}
{"op_code":7,"worker_id":"75cd73a9-9f64-4984-b588-b661f26346f4-22717409843008","trial_id":8,"step":52,"intermediate_value":0.4427045160218289}
{"op_code":7,"worker_id":"7d72393b-b64a-4005-80b4-e7093cdaffbd-22549060794176","trial_id":6,"step":64,"intermediate_value":0.3940582782552953}
{"op_code":7,"worker_id":"1144632a-c692-4930-8f77-e444d171169e-23031388260160","trial_id":5,"step":64,"intermediate_value":0.4389866689840953}
{"op_code":7,"worker_id":"bd200885-5ad1-425d-a348-9b56e8f599a1-23333299054400","trial_id":7,"step":64,"intermediate_value":0.45004643525993615}
{"op_code":7,"worker_id":"75cd73a9-9f64-4984-b588-b661f26346f4-22717409843008","trial_id":8,"step":53,"intermediate_value":0.4404757305195457}
{"op_code":7,"worker_id":"7d72393b-b64a-4005-80b4-e7093cdaffbd-22549060794176","trial_id":6,"step":65,"intermediate_value":0.3966693977514903}
{"op_code":7,"worker_id":"1144632a-c692-4930-8f77-e444d171169e-23031388260160","trial_id":5,"step":65,"intermediate_value":0.4384117487229799}
{"op_code":7,"worker_id":"bd200885-5ad1-425d-a348-9b56e8f599a1-23333299054400","trial_id":7,"step":65,"intermediate_value":0.4475454400505936}
{"op_code":7,"worker_id":"75cd73a9-9f64-4984-b588-b661f26346f4-22717409843008","trial_id":8,"step":54,"intermediate_value":0.4370408303904952}
{"op_code":7,"worker_id":"7d72393b-b64a-4005-80b4-e7093cdaffbd-22549060794176","trial_id":6,"step":66,"intermediate_value":0.39004880085326077}
{"op_code":7,"worker_id":"1144632a-c692-4930-8f77-e444d171169e-23031388260160","trial_id":5,"step":66,"intermediate_value":0.43651773061668664}
{"op_code":7,"worker_id":"bd200885-5ad1-425d-a348-9b56e8f599a1-23333299054400","trial_id":7,"step":66,"intermediate_value":0.44701819461688663}
{"op_code":7,"worker_id":"75cd73a9-9f64-4984-b588-b661f26346f4-22717409843008","trial_id":8,"step":55,"intermediate_value":0.4371749664607801}
{"op_code":7,"worker_id":"7d72393b-b64a-4005-80b4-e7093cdaffbd-22549060794176","trial_id":6,"step":67,"intermediate_value":0.3893485320241828}
{"op_code":7,"worker_id":"1144632a-c692-4930-8f77-e444d171169e-23031388260160","trial_id":5,"step":67,"intermediate_value":0.43845531867261517}
{"op_code":7,"worker_id":"bd200885-5ad1-425d-a348-9b56e8f599a1-23333299054400","trial_id":7,"step":67,"intermediate_value":0.44344737341529444}
{"op_code":7,"worker_id":"75cd73a9-9f64-4984-b588-b661f26346f4-22717409843008","trial_id":8,"step":56,"intermediate_value":0.433059227048305}
{"op_code":7,"worker_id":"7d72393b-b64a-4005-80b4-e7093cdaffbd-22549060794176","trial_id":6,"step":68,"intermediate_value":0.38776224590184394}
{"op_code":7,"worker_id":"1144632a-c692-4930-8f77-e444d171169e-23031388260160","trial_id":5,"step":68,"intermediate_value":0.43641954555846096}
{"op_code":7,"worker_id":"bd200885-5ad1-425d-a348-9b56e8f599a1-23333299054400","trial_id":7,"step":68,"intermediate_value":0.44164002150820014}
{"op_code":7,"worker_id":"75cd73a9-9f64-4984-b588-b661f26346f4-22717409843008","trial_id":8,"step":57,"intermediate_value":0.4323969373577519}
{"op_code":7,"worker_id":"7d72393b-b64a-4005-80b4-e7093cdaffbd-22549060794176","trial_id":6,"step":69,"intermediate_value":0.3860208266659787}
{"op_code":7,"worker_id":"1144632a-c692-4930-8f77-e444d171169e-23031388260160","trial_id":5,"step":69,"intermediate_value":0.4328782297017282}
{"op_code":7,"worker_id":"bd200885-5ad1-425d-a348-9b56e8f599a1-23333299054400","trial_id":7,"step":69,"intermediate_value":0.4396141605419025}
{"op_code":7,"worker_id":"75cd73a9-9f64-4984-b588-b661f26346f4-22717409843008","trial_id":8,"step":58,"intermediate_value":0.4307156152892531}
{"op_code":7,"worker_id":"7d72393b-b64a-4005-80b4-e7093cdaffbd-22549060794176","trial_id":6,"step":70,"intermediate_value":0.382375112751074}
{"op_code":7,"worker_id":"1144632a-c692-4930-8f77-e444d171169e-23031388260160","trial_id":5,"step":70,"intermediate_value":0.44267109088730394}
{"op_code":7,"worker_id":"bd200885-5ad1-425d-a348-9b56e8f599a1-23333299054400","trial_id":7,"step":70,"intermediate_value":0.4346582643818437}
{"op_code":7,"worker_id":"75cd73a9-9f64-4984-b588-b661f26346f4-22717409843008","trial_id":8,"step":59,"intermediate_value":0.4275886541918704}
{"op_code":7,"worker_id":"7d72393b-b64a-4005-80b4-e7093cdaffbd-22549060794176","trial_id":6,"step":71,"intermediate_value":0.3821096634655668}
{"op_code":7,"worker_id":"1144632a-c692-4930-8f77-e444d171169e-23031388260160","trial_id":5,"step":71,"intermediate_value":0.4286560426678574}
{"op_code":7,"worker_id":"bd200885-5ad1-425d-a348-9b56e8f599a1-23333299054400","trial_id":7,"step":71,"intermediate_value":0.4411296677171138}
{"op_code":7,"worker_id":"75cd73a9-9f64-4984-b588-b661f26346f4-22717409843008","trial_id":8,"step":60,"intermediate_value":0.42362436495329203}
{"op_code":7,"worker_id":"7d72393b-b64a-4005-80b4-e7093cdaffbd-22549060794176","trial_id":6,"step":72,"intermediate_value":0.3797874999673743}
{"op_code":7,"worker_id":"1144632a-c692-4930-8f77-e444d171169e-23031388260160","trial_id":5,"step":72,"intermediate_value":0.43015301279854357}
{"op_code":7,"worker_id":"bd200885-5ad1-425d-a348-9b56e8f599a1-23333299054400","trial_id":7,"step":72,"intermediate_value":0.43396416463349996}
{"op_code":7,"worker_id":"75cd73a9-9f64-4984-b588-b661f26346f4-22717409843008","trial_id":8,"step":61,"intermediate_value":0.42250128691656547}
{"op_code":7,"worker_id":"7d72393b-b64a-4005-80b4-e7093cdaffbd-22549060794176","trial_id":6,"step":73,"intermediate_value":0.38177764468025743}
{"op_code":7,"worker_id":"1144632a-c692-4930-8f77-e444d171169e-23031388260160","trial_id":5,"step":73,"intermediate_value":0.42771336488556444}
{"op_code":7,"worker_id":"bd200885-5ad1-425d-a348-9b56e8f599a1-23333299054400","trial_id":7,"step":73,"intermediate_value":0.43205950762096207}
{"op_code":7,"worker_id":"75cd73a9-9f64-4984-b588-b661f26346f4-22717409843008","trial_id":8,"step":62,"intermediate_value":0.42142115873202945}
{"op_code":7,"worker_id":"7d72393b-b64a-4005-80b4-e7093cdaffbd-22549060794176","trial_id":6,"step":74,"intermediate_value":0.3797364768229033}
{"op_code":7,"worker_id":"1144632a-c692-4930-8f77-e444d171169e-23031388260160","trial_id":5,"step":74,"intermediate_value":0.4255781048222592}
{"op_code":7,"worker_id":"bd200885-5ad1-425d-a348-9b56e8f599a1-23333299054400","trial_id":7,"step":74,"intermediate_value":0.4277942640739575}
{"op_code":7,"worker_id":"75cd73a9-9f64-4984-b588-b661f26346f4-22717409843008","trial_id":8,"step":63,"intermediate_value":0.41663819237759236}
{"op_code":7,"worker_id":"7d72393b-b64a-4005-80b4-e7093cdaffbd-22549060794176","trial_id":6,"step":75,"intermediate_value":0.38191745992292436}
{"op_code":7,"worker_id":"1144632a-c692-4930-8f77-e444d171169e-23031388260160","trial_id":5,"step":75,"intermediate_value":0.42903613207633035}
{"op_code":7,"worker_id":"bd200885-5ad1-425d-a348-9b56e8f599a1-23333299054400","trial_id":7,"step":75,"intermediate_value":0.43020384458073396}
{"op_code":7,"worker_id":"75cd73a9-9f64-4984-b588-b661f26346f4-22717409843008","trial_id":8,"step":64,"intermediate_value":0.41689403172124895}
{"op_code":7,"worker_id":"7d72393b-b64a-4005-80b4-e7093cdaffbd-22549060794176","trial_id":6,"step":76,"intermediate_value":0.3769640833662267}
{"op_code":7,"worker_id":"1144632a-c692-4930-8f77-e444d171169e-23031388260160","trial_id":5,"step":76,"intermediate_value":0.4223126690638693}
{"op_code":7,"worker_id":"bd200885-5ad1-425d-a348-9b56e8f599a1-23333299054400","trial_id":7,"step":76,"intermediate_value":0.42648565769195557}
{"op_code":7,"worker_id":"75cd73a9-9f64-4984-b588-b661f26346f4-22717409843008","trial_id":8,"step":65,"intermediate_value":0.4123549853500567}
{"op_code":7,"worker_id":"7d72393b-b64a-4005-80b4-e7093cdaffbd-22549060794176","trial_id":6,"step":77,"intermediate_value":0.3759195841195291}
{"op_code":7,"worker_id":"1144632a-c692-4930-8f77-e444d171169e-23031388260160","trial_id":5,"step":77,"intermediate_value":0.42141531956823247}
{"op_code":7,"worker_id":"bd200885-5ad1-425d-a348-9b56e8f599a1-23333299054400","trial_id":7,"step":77,"intermediate_value":0.42301843825139496}
{"op_code":7,"worker_id":"75cd73a9-9f64-4984-b588-b661f26346f4-22717409843008","trial_id":8,"step":66,"intermediate_value":0.4090374546092853}
{"op_code":7,"worker_id":"7d72393b-b64a-4005-80b4-e7093cdaffbd-22549060794176","trial_id":6,"step":78,"intermediate_value":0.37644771473449573}
{"op_code":7,"worker_id":"1144632a-c692-4930-8f77-e444d171169e-23031388260160","trial_id":5,"step":78,"intermediate_value":0.41720716367688093}
{"op_code":7,"worker_id":"bd200885-5ad1-425d-a348-9b56e8f599a1-23333299054400","trial_id":7,"step":78,"intermediate_value":0.42267693814478424}
{"op_code":7,"worker_id":"75cd73a9-9f64-4984-b588-b661f26346f4-22717409843008","trial_id":8,"step":67,"intermediate_value":0.41033622831629035}
{"op_code":7,"worker_id":"7d72393b-b64a-4005-80b4-e7093cdaffbd-22549060794176","trial_id":6,"step":79,"intermediate_value":0.3793527311400363}
{"op_code":7,"worker_id":"1144632a-c692-4930-8f77-e444d171169e-23031388260160","trial_id":5,"step":79,"intermediate_value":0.4153141614637877}
{"op_code":7,"worker_id":"bd200885-5ad1-425d-a348-9b56e8f599a1-23333299054400","trial_id":7,"step":79,"intermediate_value":0.41956227756383124}
{"op_code":7,"worker_id":"75cd73a9-9f64-4984-b588-b661f26346f4-22717409843008","trial_id":8,"step":68,"intermediate_value":0.40913389440168413}
{"op_code":7,"worker_id":"7d72393b-b64a-4005-80b4-e7093cdaffbd-22549060794176","trial_id":6,"step":80,"intermediate_value":0.37474084946147185}
{"op_code":7,"worker_id":"1144632a-c692-4930-8f77-e444d171169e-23031388260160","trial_id":5,"step":80,"intermediate_value":0.4132526004523562}
{"op_code":7,"worker_id":"bd200885-5ad1-425d-a348-9b56e8f599a1-23333299054400","trial_id":7,"step":80,"intermediate_value":0.4181961903446599}
{"op_code":7,"worker_id":"75cd73a9-9f64-4984-b588-b661f26346f4-22717409843008","trial_id":8,"step":69,"intermediate_value":0.4054484628794486}
{"op_code":7,"worker_id":"7d72393b-b64a-4005-80b4-e7093cdaffbd-22549060794176","trial_id":6,"step":81,"intermediate_value":0.3746492716304043}
{"op_code":7,"worker_id":"1144632a-c692-4930-8f77-e444d171169e-23031388260160","trial_id":5,"step":81,"intermediate_value":0.4118066247095141}
{"op_code":7,"worker_id":"bd200885-5ad1-425d-a348-9b56e8f599a1-23333299054400","trial_id":7,"step":81,"intermediate_value":0.41757026942152725}
{"op_code":7,"worker_id":"75cd73a9-9f64-4984-b588-b661f26346f4-22717409843008","trial_id":8,"step":70,"intermediate_value":0.40741138395510224}
{"op_code":7,"worker_id":"7d72393b-b64a-4005-80b4-e7093cdaffbd-22549060794176","trial_id":6,"step":82,"intermediate_value":0.3755793717869541}
{"op_code":7,"worker_id":"1144632a-c692-4930-8f77-e444d171169e-23031388260160","trial_id":5,"step":82,"intermediate_value":0.40977771292653}
{"op_code":7,"worker_id":"bd200885-5ad1-425d-a348-9b56e8f599a1-23333299054400","trial_id":7,"step":82,"intermediate_value":0.4147782702195017}
{"op_code":7,"worker_id":"75cd73a9-9f64-4984-b588-b661f26346f4-22717409843008","trial_id":8,"step":71,"intermediate_value":0.4060254384551132}
{"op_code":7,"worker_id":"7d72393b-b64a-4005-80b4-e7093cdaffbd-22549060794176","trial_id":6,"step":83,"intermediate_value":0.3724716948835473}
{"op_code":7,"worker_id":"1144632a-c692-4930-8f77-e444d171169e-23031388260160","trial_id":5,"step":83,"intermediate_value":0.41028764164238646}
{"op_code":7,"worker_id":"bd200885-5ad1-425d-a348-9b56e8f599a1-23333299054400","trial_id":7,"step":83,"intermediate_value":0.4152482094471915}
{"op_code":7,"worker_id":"75cd73a9-9f64-4984-b588-b661f26346f4-22717409843008","trial_id":8,"step":72,"intermediate_value":0.40367871784327325}
{"op_code":7,"worker_id":"7d72393b-b64a-4005-80b4-e7093cdaffbd-22549060794176","trial_id":6,"step":84,"intermediate_value":0.3706655502319336}
{"op_code":7,"worker_id":"1144632a-c692-4930-8f77-e444d171169e-23031388260160","trial_id":5,"step":84,"intermediate_value":0.40689983231979504}
{"op_code":7,"worker_id":"bd200885-5ad1-425d-a348-9b56e8f599a1-23333299054400","trial_id":7,"step":84,"intermediate_value":0.4105705974394815}
{"op_code":7,"worker_id":"75cd73a9-9f64-4984-b588-b661f26346f4-22717409843008","trial_id":8,"step":73,"intermediate_value":0.4012604517894879}
{"op_code":7,"worker_id":"7d72393b-b64a-4005-80b4-e7093cdaffbd-22549060794176","trial_id":6,"step":85,"intermediate_value":0.3718230494281702}
{"op_code":7,"worker_id":"1144632a-c692-4930-8f77-e444d171169e-23031388260160","trial_id":5,"step":85,"intermediate_value":0.40751759315791886}
{"op_code":7,"worker_id":"bd200885-5ad1-425d-a348-9b56e8f599a1-23333299054400","trial_id":7,"step":85,"intermediate_value":0.41266922783433346}
{"op_code":7,"worker_id":"75cd73a9-9f64-4984-b588-b661f26346f4-22717409843008","trial_id":8,"step":74,"intermediate_value":0.3986338037147857}
{"op_code":7,"worker_id":"7d72393b-b64a-4005-80b4-e7093cdaffbd-22549060794176","trial_id":6,"step":86,"intermediate_value":0.36725223221276937}
{"op_code":7,"worker_id":"1144632a-c692-4930-8f77-e444d171169e-23031388260160","trial_id":5,"step":86,"intermediate_value":0.4086306983964485}
{"op_code":7,"worker_id":"bd200885-5ad1-425d-a348-9b56e8f599a1-23333299054400","trial_id":7,"step":86,"intermediate_value":0.4133898584466231}
{"op_code":7,"worker_id":"75cd73a9-9f64-4984-b588-b661f26346f4-22717409843008","trial_id":8,"step":75,"intermediate_value":0.3958017663997516}
{"op_code":7,"worker_id":"7d72393b-b64a-4005-80b4-e7093cdaffbd-22549060794176","trial_id":6,"step":87,"intermediate_value":0.36817427528531926}
{"op_code":7,"worker_id":"1144632a-c692-4930-8f77-e444d171169e-23031388260160","trial_id":5,"step":87,"intermediate_value":0.40950428132425276}
{"op_code":7,"worker_id":"bd200885-5ad1-425d-a348-9b56e8f599a1-23333299054400","trial_id":7,"step":87,"intermediate_value":0.40883240469715054}
{"op_code":7,"worker_id":"75cd73a9-9f64-4984-b588-b661f26346f4-22717409843008","trial_id":8,"step":76,"intermediate_value":0.3975103560246919}
{"op_code":7,"worker_id":"7d72393b-b64a-4005-80b4-e7093cdaffbd-22549060794176","trial_id":6,"step":88,"intermediate_value":0.36687592351645754}
{"op_code":7,"worker_id":"1144632a-c692-4930-8f77-e444d171169e-23031388260160","trial_id":5,"step":88,"intermediate_value":0.4059780323714541}
{"op_code":7,"worker_id":"bd200885-5ad1-425d-a348-9b56e8f599a1-23333299054400","trial_id":7,"step":88,"intermediate_value":0.40799687985788313}
{"op_code":7,"worker_id":"75cd73a9-9f64-4984-b588-b661f26346f4-22717409843008","trial_id":8,"step":77,"intermediate_value":0.3944370056453504}
{"op_code":7,"worker_id":"7d72393b-b64a-4005-80b4-e7093cdaffbd-22549060794176","trial_id":6,"step":89,"intermediate_value":0.3657840108662321}
{"op_code":7,"worker_id":"1144632a-c692-4930-8f77-e444d171169e-23031388260160","trial_id":5,"step":89,"intermediate_value":0.40344073270496567}
{"op_code":7,"worker_id":"bd200885-5ad1-425d-a348-9b56e8f599a1-23333299054400","trial_id":7,"step":89,"intermediate_value":0.4046407969374406}
{"op_code":7,"worker_id":"75cd73a9-9f64-4984-b588-b661f26346f4-22717409843008","trial_id":8,"step":78,"intermediate_value":0.3944028783262822}
{"op_code":7,"worker_id":"7d72393b-b64a-4005-80b4-e7093cdaffbd-22549060794176","trial_id":6,"step":90,"intermediate_value":0.36420963103311105}
{"op_code":7,"worker_id":"1144632a-c692-4930-8f77-e444d171169e-23031388260160","trial_id":5,"step":90,"intermediate_value":0.4037658483312841}
{"op_code":7,"worker_id":"bd200885-5ad1-425d-a348-9b56e8f599a1-23333299054400","trial_id":7,"step":90,"intermediate_value":0.40501164658027783}
{"op_code":7,"worker_id":"75cd73a9-9f64-4984-b588-b661f26346f4-22717409843008","trial_id":8,"step":79,"intermediate_value":0.39444776062379805}
{"op_code":7,"worker_id":"7d72393b-b64a-4005-80b4-e7093cdaffbd-22549060794176","trial_id":6,"step":91,"intermediate_value":0.36406629650216354}
{"op_code":7,"worker_id":"1144632a-c692-4930-8f77-e444d171169e-23031388260160","trial_id":5,"step":91,"intermediate_value":0.4031100043079309}
{"op_code":7,"worker_id":"bd200885-5ad1-425d-a348-9b56e8f599a1-23333299054400","trial_id":7,"step":91,"intermediate_value":0.4038920789434199}
{"op_code":7,"worker_id":"75cd73a9-9f64-4984-b588-b661f26346f4-22717409843008","trial_id":8,"step":80,"intermediate_value":0.3935296430922391}
{"op_code":7,"worker_id":"7d72393b-b64a-4005-80b4-e7093cdaffbd-22549060794176","trial_id":6,"step":92,"intermediate_value":0.36466653096048457}
{"op_code":7,"worker_id":"1144632a-c692-4930-8f77-e444d171169e-23031388260160","trial_id":5,"step":92,"intermediate_value":0.3997329693091543}
{"op_code":7,"worker_id":"bd200885-5ad1-425d-a348-9b56e8f599a1-23333299054400","trial_id":7,"step":92,"intermediate_value":0.40366070678359584}
{"op_code":7,"worker_id":"75cd73a9-9f64-4984-b588-b661f26346f4-22717409843008","trial_id":8,"step":81,"intermediate_value":0.39403055268421505}
{"op_code":7,"worker_id":"7d72393b-b64a-4005-80b4-e7093cdaffbd-22549060794176","trial_id":6,"step":93,"intermediate_value":0.36508091133937504}
{"op_code":7,"worker_id":"1144632a-c692-4930-8f77-e444d171169e-23031388260160","trial_id":5,"step":93,"intermediate_value":0.3989385026588775}
{"op_code":7,"worker_id":"bd200885-5ad1-425d-a348-9b56e8f599a1-23333299054400","trial_id":7,"step":93,"intermediate_value":0.8276212665072659}
{"op_code":7,"worker_id":"75cd73a9-9f64-4984-b588-b661f26346f4-22717409843008","trial_id":8,"step":82,"intermediate_value":0.3926909712322971}
{"op_code":7,"worker_id":"7d72393b-b64a-4005-80b4-e7093cdaffbd-22549060794176","trial_id":6,"step":94,"intermediate_value":0.36891492835262363}
{"op_code":7,"worker_id":"1144632a-c692-4930-8f77-e444d171169e-23031388260160","trial_id":5,"step":94,"intermediate_value":0.40324423971929046}
{"op_code":7,"worker_id":"bd200885-5ad1-425d-a348-9b56e8f599a1-23333299054400","trial_id":7,"step":94,"intermediate_value":0.6979342970931739}
{"op_code":7,"worker_id":"75cd73a9-9f64-4984-b588-b661f26346f4-22717409843008","trial_id":8,"step":83,"intermediate_value":0.3888167697086669}
{"op_code":7,"worker_id":"7d72393b-b64a-4005-80b4-e7093cdaffbd-22549060794176","trial_id":6,"step":95,"intermediate_value":0.3684631376935725}
{"op_code":7,"worker_id":"1144632a-c692-4930-8f77-e444d171169e-23031388260160","trial_id":5,"step":95,"intermediate_value":0.40195754170417786}
{"op_code":7,"worker_id":"bd200885-5ad1-425d-a348-9b56e8f599a1-23333299054400","trial_id":7,"step":95,"intermediate_value":NaN}
{"op_code":7,"worker_id":"75cd73a9-9f64-4984-b588-b661f26346f4-22717409843008","trial_id":8,"step":84,"intermediate_value":0.390861685861621}
{"op_code":7,"worker_id":"7d72393b-b64a-4005-80b4-e7093cdaffbd-22549060794176","trial_id":6,"step":96,"intermediate_value":0.36708371733364303}
{"op_code":7,"worker_id":"bd200885-5ad1-425d-a348-9b56e8f599a1-23333299054400","trial_id":7,"step":96,"intermediate_value":NaN}
{"op_code":7,"worker_id":"1144632a-c692-4930-8f77-e444d171169e-23031388260160","trial_id":5,"step":96,"intermediate_value":0.399454465037898}
{"op_code":7,"worker_id":"75cd73a9-9f64-4984-b588-b661f26346f4-22717409843008","trial_id":8,"step":85,"intermediate_value":0.39005770024500397}
{"op_code":7,"worker_id":"7d72393b-b64a-4005-80b4-e7093cdaffbd-22549060794176","trial_id":6,"step":97,"intermediate_value":0.3653145301760289}
{"op_code":7,"worker_id":"bd200885-5ad1-425d-a348-9b56e8f599a1-23333299054400","trial_id":7,"step":97,"intermediate_value":NaN}
{"op_code":7,"worker_id":"1144632a-c692-4930-8f77-e444d171169e-23031388260160","trial_id":5,"step":97,"intermediate_value":0.4036164602689576}
{"op_code":7,"worker_id":"75cd73a9-9f64-4984-b588-b661f26346f4-22717409843008","trial_id":8,"step":86,"intermediate_value":0.38657412298938687}
{"op_code":7,"worker_id":"7d72393b-b64a-4005-80b4-e7093cdaffbd-22549060794176","trial_id":6,"step":98,"intermediate_value":0.3613766065815039}
{"op_code":7,"worker_id":"bd200885-5ad1-425d-a348-9b56e8f599a1-23333299054400","trial_id":7,"step":98,"intermediate_value":NaN}
{"op_code":7,"worker_id":"1144632a-c692-4930-8f77-e444d171169e-23031388260160","trial_id":5,"step":98,"intermediate_value":0.3978039962157868}
{"op_code":7,"worker_id":"75cd73a9-9f64-4984-b588-b661f26346f4-22717409843008","trial_id":8,"step":87,"intermediate_value":0.38503889765655785}
{"op_code":7,"worker_id":"7d72393b-b64a-4005-80b4-e7093cdaffbd-22549060794176","trial_id":6,"step":99,"intermediate_value":0.36040881955832765}
{"op_code":6,"worker_id":"7d72393b-b64a-4005-80b4-e7093cdaffbd-22549060794176","trial_id":6,"state":1,"values":[-0.671216607093811],"datetime_complete":"2026-04-22T06:11:31.749871"}
{"op_code":7,"worker_id":"bd200885-5ad1-425d-a348-9b56e8f599a1-23333299054400","trial_id":7,"step":99,"intermediate_value":NaN}
{"op_code":6,"worker_id":"bd200885-5ad1-425d-a348-9b56e8f599a1-23333299054400","trial_id":7,"state":2,"values":null,"datetime_complete":"2026-04-22T06:15:31.412992"}
{"op_code":7,"worker_id":"1144632a-c692-4930-8f77-e444d171169e-23031388260160","trial_id":5,"step":99,"intermediate_value":0.3963561559978284}
{"op_code":6,"worker_id":"1144632a-c692-4930-8f77-e444d171169e-23031388260160","trial_id":5,"state":2,"values":[0.3963561559978284],"datetime_complete":"2026-04-22T06:15:53.987894"}
{"op_code":7,"worker_id":"75cd73a9-9f64-4984-b588-b661f26346f4-22717409843008","trial_id":8,"step":88,"intermediate_value":0.38443075146591454}
{"op_code":6,"worker_id":"75cd73a9-9f64-4984-b588-b661f26346f4-22717409843008","trial_id":8,"state":2,"values":[0.38443075146591454],"datetime_complete":"2026-04-22T06:16:41.531090"}
{"op_code":0,"worker_id":"2a24f74c-02b6-4510-8c73-c9f723c2f5d2-23005574285120","study_name":"hyperparameter_search","directions":[1]}
{"op_code":4,"worker_id":"2a24f74c-02b6-4510-8c73-c9f723c2f5d2-23005574285120","study_id":0,"datetime_start":"2026-04-22T06:18:17.265658"}
{"op_code":5,"worker_id":"2a24f74c-02b6-4510-8c73-c9f723c2f5d2-23005574285120","trial_id":9,"param_name":"learning_rate","param_value_internal":0.006400369183564024,"distribution":"{\"name\": \"FloatDistribution\", \"attributes\": {\"step\": null, \"low\": 0.0056, \"high\": 0.008, \"log\": true}}"}
{"op_code":5,"worker_id":"2a24f74c-02b6-4510-8c73-c9f723c2f5d2-23005574285120","trial_id":9,"param_name":"trt_structure","param_value_internal":0,"distribution":"{\"name\": \"CategoricalDistribution\", \"attributes\": {\"choices\": [\"CA+SA+SA+CA\", \"CA+SA+SA+SA+CA\"]}}"}
{"op_code":5,"worker_id":"2a24f74c-02b6-4510-8c73-c9f723c2f5d2-23005574285120","trial_id":9,"param_name":"mse_weight","param_value_internal":0,"distribution":"{\"name\": \"CategoricalDistribution\", \"attributes\": {\"choices\": [0.1, 0.2, 0.5]}}"}
{"op_code":5,"worker_id":"2a24f74c-02b6-4510-8c73-c9f723c2f5d2-23005574285120","trial_id":9,"param_name":"pcc_weight","param_value_internal":1,"distribution":"{\"name\": \"CategoricalDistribution\", \"attributes\": {\"choices\": [0.5, 1.0, 2.0]}}"}
{"op_code":5,"worker_id":"2a24f74c-02b6-4510-8c73-c9f723c2f5d2-23005574285120","trial_id":9,"param_name":"dropout","param_value_internal":0.07080725777960455,"distribution":"{\"name\": \"FloatDistribution\", \"attributes\": {\"step\": null, \"low\": 0.0, \"high\": 0.1, \"log\": false}}"}
{"op_code":0,"worker_id":"dd6a89cf-ebc4-44a6-b423-95ffc4d266a4-22621014587200","study_name":"hyperparameter_search","directions":[1]}
{"op_code":0,"worker_id":"3b795048-ed57-4a80-b0d9-eb0751c9d1f3-22905556731712","study_name":"hyperparameter_search","directions":[1]}
{"op_code":4,"worker_id":"dd6a89cf-ebc4-44a6-b423-95ffc4d266a4-22621014587200","study_id":0,"datetime_start":"2026-04-22T06:19:09.706154"}
{"op_code":4,"worker_id":"3b795048-ed57-4a80-b0d9-eb0751c9d1f3-22905556731712","study_id":0,"datetime_start":"2026-04-22T06:19:09.708048"}
{"op_code":5,"worker_id":"dd6a89cf-ebc4-44a6-b423-95ffc4d266a4-22621014587200","trial_id":10,"param_name":"learning_rate","param_value_internal":0.006400369183564024,"distribution":"{\"name\": \"FloatDistribution\", \"attributes\": {\"step\": null, \"low\": 0.0056, \"high\": 0.008, \"log\": true}}"}
{"op_code":5,"worker_id":"3b795048-ed57-4a80-b0d9-eb0751c9d1f3-22905556731712","trial_id":11,"param_name":"learning_rate","param_value_internal":0.006400369183564024,"distribution":"{\"name\": \"FloatDistribution\", \"attributes\": {\"step\": null, \"low\": 0.0056, \"high\": 0.008, \"log\": true}}"}
{"op_code":5,"worker_id":"dd6a89cf-ebc4-44a6-b423-95ffc4d266a4-22621014587200","trial_id":10,"param_name":"trt_structure","param_value_internal":0,"distribution":"{\"name\": \"CategoricalDistribution\", \"attributes\": {\"choices\": [\"CA+SA+SA+CA\", \"CA+SA+SA+SA+CA\"]}}"}
{"op_code":5,"worker_id":"3b795048-ed57-4a80-b0d9-eb0751c9d1f3-22905556731712","trial_id":11,"param_name":"trt_structure","param_value_internal":0,"distribution":"{\"name\": \"CategoricalDistribution\", \"attributes\": {\"choices\": [\"CA+SA+SA+CA\", \"CA+SA+SA+SA+CA\"]}}"}
{"op_code":5,"worker_id":"dd6a89cf-ebc4-44a6-b423-95ffc4d266a4-22621014587200","trial_id":10,"param_name":"mse_weight","param_value_internal":0,"distribution":"{\"name\": \"CategoricalDistribution\", \"attributes\": {\"choices\": [0.1, 0.2, 0.5]}}"}
{"op_code":5,"worker_id":"3b795048-ed57-4a80-b0d9-eb0751c9d1f3-22905556731712","trial_id":11,"param_name":"mse_weight","param_value_internal":0,"distribution":"{\"name\": \"CategoricalDistribution\", \"attributes\": {\"choices\": [0.1, 0.2, 0.5]}}"}
{"op_code":5,"worker_id":"dd6a89cf-ebc4-44a6-b423-95ffc4d266a4-22621014587200","trial_id":10,"param_name":"pcc_weight","param_value_internal":1,"distribution":"{\"name\": \"CategoricalDistribution\", \"attributes\": {\"choices\": [0.5, 1.0, 2.0]}}"}
{"op_code":5,"worker_id":"3b795048-ed57-4a80-b0d9-eb0751c9d1f3-22905556731712","trial_id":11,"param_name":"pcc_weight","param_value_internal":1,"distribution":"{\"name\": \"CategoricalDistribution\", \"attributes\": {\"choices\": [0.5, 1.0, 2.0]}}"}
{"op_code":5,"worker_id":"dd6a89cf-ebc4-44a6-b423-95ffc4d266a4-22621014587200","trial_id":10,"param_name":"dropout","param_value_internal":0.07080725777960455,"distribution":"{\"name\": \"FloatDistribution\", \"attributes\": {\"step\": null, \"low\": 0.0, \"high\": 0.1, \"log\": false}}"}
{"op_code":5,"worker_id":"3b795048-ed57-4a80-b0d9-eb0751c9d1f3-22905556731712","trial_id":11,"param_name":"dropout","param_value_internal":0.07080725777960455,"distribution":"{\"name\": \"FloatDistribution\", \"attributes\": {\"step\": null, \"low\": 0.0, \"high\": 0.1, \"log\": false}}"}
{"op_code":0,"worker_id":"063781cb-b73b-4f6c-acee-45bf76159de2-23053214476096","study_name":"hyperparameter_search","directions":[1]}
{"op_code":4,"worker_id":"063781cb-b73b-4f6c-acee-45bf76159de2-23053214476096","study_id":0,"datetime_start":"2026-04-22T06:19:21.761192"}
{"op_code":5,"worker_id":"063781cb-b73b-4f6c-acee-45bf76159de2-23053214476096","trial_id":12,"param_name":"learning_rate","param_value_internal":0.006400369183564024,"distribution":"{\"name\": \"FloatDistribution\", \"attributes\": {\"step\": null, \"low\": 0.0056, \"high\": 0.008, \"log\": true}}"}
{"op_code":5,"worker_id":"063781cb-b73b-4f6c-acee-45bf76159de2-23053214476096","trial_id":12,"param_name":"trt_structure","param_value_internal":0,"distribution":"{\"name\": \"CategoricalDistribution\", \"attributes\": {\"choices\": [\"CA+SA+SA+CA\", \"CA+SA+SA+SA+CA\"]}}"}
{"op_code":5,"worker_id":"063781cb-b73b-4f6c-acee-45bf76159de2-23053214476096","trial_id":12,"param_name":"mse_weight","param_value_internal":0,"distribution":"{\"name\": \"CategoricalDistribution\", \"attributes\": {\"choices\": [0.1, 0.2, 0.5]}}"}
{"op_code":5,"worker_id":"063781cb-b73b-4f6c-acee-45bf76159de2-23053214476096","trial_id":12,"param_name":"pcc_weight","param_value_internal":1,"distribution":"{\"name\": \"CategoricalDistribution\", \"attributes\": {\"choices\": [0.5, 1.0, 2.0]}}"}
{"op_code":5,"worker_id":"063781cb-b73b-4f6c-acee-45bf76159de2-23053214476096","trial_id":12,"param_name":"dropout","param_value_internal":0.07080725777960455,"distribution":"{\"name\": \"FloatDistribution\", \"attributes\": {\"step\": null, \"low\": 0.0, \"high\": 0.1, \"log\": false}}"}
{"op_code":7,"worker_id":"2a24f74c-02b6-4510-8c73-c9f723c2f5d2-23005574285120","trial_id":9,"step":0,"intermediate_value":1.0828904373603954}
{"op_code":7,"worker_id":"3b795048-ed57-4a80-b0d9-eb0751c9d1f3-22905556731712","trial_id":11,"step":0,"intermediate_value":0.7386688380910639}
{"op_code":7,"worker_id":"dd6a89cf-ebc4-44a6-b423-95ffc4d266a4-22621014587200","trial_id":10,"step":0,"intermediate_value":0.7632836532174495}
{"op_code":7,"worker_id":"063781cb-b73b-4f6c-acee-45bf76159de2-23053214476096","trial_id":12,"step":0,"intermediate_value":0.7319765937955756}
{"op_code":7,"worker_id":"2a24f74c-02b6-4510-8c73-c9f723c2f5d2-23005574285120","trial_id":9,"step":1,"intermediate_value":1.1503998082980775}
{"op_code":7,"worker_id":"3b795048-ed57-4a80-b0d9-eb0751c9d1f3-22905556731712","trial_id":11,"step":1,"intermediate_value":0.6797017130935401}
{"op_code":7,"worker_id":"dd6a89cf-ebc4-44a6-b423-95ffc4d266a4-22621014587200","trial_id":10,"step":1,"intermediate_value":0.695974115739789}
{"op_code":7,"worker_id":"063781cb-b73b-4f6c-acee-45bf76159de2-23053214476096","trial_id":12,"step":1,"intermediate_value":0.6669939651823881}
{"op_code":7,"worker_id":"2a24f74c-02b6-4510-8c73-c9f723c2f5d2-23005574285120","trial_id":9,"step":2,"intermediate_value":0.7974537893345481}
{"op_code":7,"worker_id":"3b795048-ed57-4a80-b0d9-eb0751c9d1f3-22905556731712","trial_id":11,"step":2,"intermediate_value":0.6880019150282207}
{"op_code":7,"worker_id":"dd6a89cf-ebc4-44a6-b423-95ffc4d266a4-22621014587200","trial_id":10,"step":2,"intermediate_value":0.670336645946168}
{"op_code":7,"worker_id":"063781cb-b73b-4f6c-acee-45bf76159de2-23053214476096","trial_id":12,"step":2,"intermediate_value":0.6672996815882231}
{"op_code":7,"worker_id":"2a24f74c-02b6-4510-8c73-c9f723c2f5d2-23005574285120","trial_id":9,"step":3,"intermediate_value":0.7354258403443453}
{"op_code":7,"worker_id":"3b795048-ed57-4a80-b0d9-eb0751c9d1f3-22905556731712","trial_id":11,"step":3,"intermediate_value":0.6969066356357775}
{"op_code":7,"worker_id":"063781cb-b73b-4f6c-acee-45bf76159de2-23053214476096","trial_id":12,"step":3,"intermediate_value":0.6812076620888292}
{"op_code":7,"worker_id":"dd6a89cf-ebc4-44a6-b423-95ffc4d266a4-22621014587200","trial_id":10,"step":3,"intermediate_value":0.6903107563654581}
{"op_code":7,"worker_id":"2a24f74c-02b6-4510-8c73-c9f723c2f5d2-23005574285120","trial_id":9,"step":4,"intermediate_value":0.7048356177514059}
{"op_code":7,"worker_id":"3b795048-ed57-4a80-b0d9-eb0751c9d1f3-22905556731712","trial_id":11,"step":4,"intermediate_value":0.6939744531062612}
{"op_code":7,"worker_id":"063781cb-b73b-4f6c-acee-45bf76159de2-23053214476096","trial_id":12,"step":4,"intermediate_value":0.751004908168525}
{"op_code":7,"worker_id":"dd6a89cf-ebc4-44a6-b423-95ffc4d266a4-22621014587200","trial_id":10,"step":4,"intermediate_value":0.698956755169651}
{"op_code":7,"worker_id":"2a24f74c-02b6-4510-8c73-c9f723c2f5d2-23005574285120","trial_id":9,"step":5,"intermediate_value":0.6891220473406607}
{"op_code":7,"worker_id":"3b795048-ed57-4a80-b0d9-eb0751c9d1f3-22905556731712","trial_id":11,"step":5,"intermediate_value":0.6670364361060294}
{"op_code":7,"worker_id":"063781cb-b73b-4f6c-acee-45bf76159de2-23053214476096","trial_id":12,"step":5,"intermediate_value":0.7567163036580671}
{"op_code":7,"worker_id":"dd6a89cf-ebc4-44a6-b423-95ffc4d266a4-22621014587200","trial_id":10,"step":5,"intermediate_value":0.6956170703235426}
{"op_code":7,"worker_id":"2a24f74c-02b6-4510-8c73-c9f723c2f5d2-23005574285120","trial_id":9,"step":6,"intermediate_value":0.664423171888318}
{"op_code":7,"worker_id":"3b795048-ed57-4a80-b0d9-eb0751c9d1f3-22905556731712","trial_id":11,"step":6,"intermediate_value":0.6720762158695021}
{"op_code":7,"worker_id":"063781cb-b73b-4f6c-acee-45bf76159de2-23053214476096","trial_id":12,"step":6,"intermediate_value":0.693238662000288}
{"op_code":7,"worker_id":"dd6a89cf-ebc4-44a6-b423-95ffc4d266a4-22621014587200","trial_id":10,"step":6,"intermediate_value":0.690925585596185}
{"op_code":7,"worker_id":"2a24f74c-02b6-4510-8c73-c9f723c2f5d2-23005574285120","trial_id":9,"step":7,"intermediate_value":0.6587275193448652}
{"op_code":7,"worker_id":"3b795048-ed57-4a80-b0d9-eb0751c9d1f3-22905556731712","trial_id":11,"step":7,"intermediate_value":0.6529898988573175}
{"op_code":7,"worker_id":"063781cb-b73b-4f6c-acee-45bf76159de2-23053214476096","trial_id":12,"step":7,"intermediate_value":0.6589453335393939}
{"op_code":7,"worker_id":"dd6a89cf-ebc4-44a6-b423-95ffc4d266a4-22621014587200","trial_id":10,"step":7,"intermediate_value":0.6906109860068873}
{"op_code":7,"worker_id":"2a24f74c-02b6-4510-8c73-c9f723c2f5d2-23005574285120","trial_id":9,"step":8,"intermediate_value":0.651023662926858}
{"op_code":7,"worker_id":"3b795048-ed57-4a80-b0d9-eb0751c9d1f3-22905556731712","trial_id":11,"step":8,"intermediate_value":0.6258523098209448}
{"op_code":7,"worker_id":"063781cb-b73b-4f6c-acee-45bf76159de2-23053214476096","trial_id":12,"step":8,"intermediate_value":0.6382437369279694}
{"op_code":7,"worker_id":"dd6a89cf-ebc4-44a6-b423-95ffc4d266a4-22621014587200","trial_id":10,"step":8,"intermediate_value":0.6708159415345443}
{"op_code":7,"worker_id":"2a24f74c-02b6-4510-8c73-c9f723c2f5d2-23005574285120","trial_id":9,"step":9,"intermediate_value":0.6343450431238141}
{"op_code":7,"worker_id":"3b795048-ed57-4a80-b0d9-eb0751c9d1f3-22905556731712","trial_id":11,"step":9,"intermediate_value":0.6137220765414991}
{"op_code":7,"worker_id":"063781cb-b73b-4f6c-acee-45bf76159de2-23053214476096","trial_id":12,"step":9,"intermediate_value":0.6283907503412481}
{"op_code":7,"worker_id":"dd6a89cf-ebc4-44a6-b423-95ffc4d266a4-22621014587200","trial_id":10,"step":9,"intermediate_value":0.6586780056618807}
{"op_code":7,"worker_id":"2a24f74c-02b6-4510-8c73-c9f723c2f5d2-23005574285120","trial_id":9,"step":10,"intermediate_value":0.6266773447655795}
{"op_code":7,"worker_id":"3b795048-ed57-4a80-b0d9-eb0751c9d1f3-22905556731712","trial_id":11,"step":10,"intermediate_value":0.603133289437545}
{"op_code":7,"worker_id":"063781cb-b73b-4f6c-acee-45bf76159de2-23053214476096","trial_id":12,"step":10,"intermediate_value":0.6129512180361831}
{"op_code":7,"worker_id":"dd6a89cf-ebc4-44a6-b423-95ffc4d266a4-22621014587200","trial_id":10,"step":10,"intermediate_value":0.6483928226588065}
{"op_code":7,"worker_id":"2a24f74c-02b6-4510-8c73-c9f723c2f5d2-23005574285120","trial_id":9,"step":11,"intermediate_value":0.6107802380595291}
{"op_code":7,"worker_id":"3b795048-ed57-4a80-b0d9-eb0751c9d1f3-22905556731712","trial_id":11,"step":11,"intermediate_value":0.5930795983264321}
{"op_code":7,"worker_id":"063781cb-b73b-4f6c-acee-45bf76159de2-23053214476096","trial_id":12,"step":11,"intermediate_value":0.604910485577165}
{"op_code":7,"worker_id":"dd6a89cf-ebc4-44a6-b423-95ffc4d266a4-22621014587200","trial_id":10,"step":11,"intermediate_value":0.626772095236862}
{"op_code":7,"worker_id":"3b795048-ed57-4a80-b0d9-eb0751c9d1f3-22905556731712","trial_id":11,"step":12,"intermediate_value":0.5844629291902509}
{"op_code":7,"worker_id":"2a24f74c-02b6-4510-8c73-c9f723c2f5d2-23005574285120","trial_id":9,"step":12,"intermediate_value":0.6025877019815278}
{"op_code":7,"worker_id":"063781cb-b73b-4f6c-acee-45bf76159de2-23053214476096","trial_id":12,"step":12,"intermediate_value":0.5970021653593632}
{"op_code":7,"worker_id":"dd6a89cf-ebc4-44a6-b423-95ffc4d266a4-22621014587200","trial_id":10,"step":12,"intermediate_value":0.6154865559778715}
{"op_code":7,"worker_id":"3b795048-ed57-4a80-b0d9-eb0751c9d1f3-22905556731712","trial_id":11,"step":13,"intermediate_value":0.5775718406627053}
{"op_code":7,"worker_id":"2a24f74c-02b6-4510-8c73-c9f723c2f5d2-23005574285120","trial_id":9,"step":13,"intermediate_value":0.6005024282555831}
{"op_code":7,"worker_id":"063781cb-b73b-4f6c-acee-45bf76159de2-23053214476096","trial_id":12,"step":13,"intermediate_value":0.5881382498824805}
{"op_code":7,"worker_id":"dd6a89cf-ebc4-44a6-b423-95ffc4d266a4-22621014587200","trial_id":10,"step":13,"intermediate_value":0.6008783254707069}
{"op_code":7,"worker_id":"3b795048-ed57-4a80-b0d9-eb0751c9d1f3-22905556731712","trial_id":11,"step":14,"intermediate_value":0.5697045075265985}
{"op_code":7,"worker_id":"2a24f74c-02b6-4510-8c73-c9f723c2f5d2-23005574285120","trial_id":9,"step":14,"intermediate_value":0.5874845626061422}
{"op_code":7,"worker_id":"063781cb-b73b-4f6c-acee-45bf76159de2-23053214476096","trial_id":12,"step":14,"intermediate_value":0.5808766588830111}
{"op_code":7,"worker_id":"dd6a89cf-ebc4-44a6-b423-95ffc4d266a4-22621014587200","trial_id":10,"step":14,"intermediate_value":0.5969351958810237}
{"op_code":7,"worker_id":"3b795048-ed57-4a80-b0d9-eb0751c9d1f3-22905556731712","trial_id":11,"step":15,"intermediate_value":0.5642664861260799}
{"op_code":7,"worker_id":"2a24f74c-02b6-4510-8c73-c9f723c2f5d2-23005574285120","trial_id":9,"step":15,"intermediate_value":0.5800923621445372}
{"op_code":7,"worker_id":"063781cb-b73b-4f6c-acee-45bf76159de2-23053214476096","trial_id":12,"step":15,"intermediate_value":0.5773384738386723}
{"op_code":7,"worker_id":"dd6a89cf-ebc4-44a6-b423-95ffc4d266a4-22621014587200","trial_id":10,"step":15,"intermediate_value":0.5916274231776857}
{"op_code":7,"worker_id":"3b795048-ed57-4a80-b0d9-eb0751c9d1f3-22905556731712","trial_id":11,"step":16,"intermediate_value":0.5573856548259133}
{"op_code":7,"worker_id":"2a24f74c-02b6-4510-8c73-c9f723c2f5d2-23005574285120","trial_id":9,"step":16,"intermediate_value":0.5739052410711322}
{"op_code":7,"worker_id":"063781cb-b73b-4f6c-acee-45bf76159de2-23053214476096","trial_id":12,"step":16,"intermediate_value":0.5735065863843549}
{"op_code":7,"worker_id":"dd6a89cf-ebc4-44a6-b423-95ffc4d266a4-22621014587200","trial_id":10,"step":16,"intermediate_value":0.5851013200324878}
{"op_code":6,"worker_id":"dd6a89cf-ebc4-44a6-b423-95ffc4d266a4-22621014587200","trial_id":10,"state":2,"values":[0.5851013200324878],"datetime_complete":"2026-04-22T09:08:07.693768"}
{"op_code":0,"worker_id":"c77da148-813a-4e08-95f5-f80fe474fc1a-22640319825728","study_name":"hyperparameter_search","directions":[1]}
{"op_code":4,"worker_id":"c77da148-813a-4e08-95f5-f80fe474fc1a-22640319825728","study_id":0,"datetime_start":"2026-04-22T09:11:21.543861"}
{"op_code":5,"worker_id":"c77da148-813a-4e08-95f5-f80fe474fc1a-22640319825728","trial_id":13,"param_name":"learning_rate","param_value_internal":0.006400369183564024,"distribution":"{\"name\": \"FloatDistribution\", \"attributes\": {\"step\": null, \"low\": 0.0056, \"high\": 0.008, \"log\": true}}"}
{"op_code":5,"worker_id":"c77da148-813a-4e08-95f5-f80fe474fc1a-22640319825728","trial_id":13,"param_name":"trt_structure","param_value_internal":0,"distribution":"{\"name\": \"CategoricalDistribution\", \"attributes\": {\"choices\": [\"CA+SA+SA+CA\", \"CA+SA+SA+SA+CA\"]}}"}
{"op_code":5,"worker_id":"c77da148-813a-4e08-95f5-f80fe474fc1a-22640319825728","trial_id":13,"param_name":"mse_weight","param_value_internal":0,"distribution":"{\"name\": \"CategoricalDistribution\", \"attributes\": {\"choices\": [0.1, 0.2, 0.5]}}"}
{"op_code":5,"worker_id":"c77da148-813a-4e08-95f5-f80fe474fc1a-22640319825728","trial_id":13,"param_name":"pcc_weight","param_value_internal":1,"distribution":"{\"name\": \"CategoricalDistribution\", \"attributes\": {\"choices\": [0.5, 1.0, 2.0]}}"}
{"op_code":5,"worker_id":"c77da148-813a-4e08-95f5-f80fe474fc1a-22640319825728","trial_id":13,"param_name":"dropout","param_value_internal":0.07080725777960455,"distribution":"{\"name\": \"FloatDistribution\", \"attributes\": {\"step\": null, \"low\": 0.0, \"high\": 0.1, \"log\": false}}"}
{"op_code":7,"worker_id":"3b795048-ed57-4a80-b0d9-eb0751c9d1f3-22905556731712","trial_id":11,"step":17,"intermediate_value":0.5515373443302355}
{"op_code":7,"worker_id":"2a24f74c-02b6-4510-8c73-c9f723c2f5d2-23005574285120","trial_id":9,"step":17,"intermediate_value":0.5679046250226205}
{"op_code":7,"worker_id":"063781cb-b73b-4f6c-acee-45bf76159de2-23053214476096","trial_id":12,"step":17,"intermediate_value":0.5697930570234332}
{"op_code":7,"worker_id":"c77da148-813a-4e08-95f5-f80fe474fc1a-22640319825728","trial_id":13,"step":0,"intermediate_value":0.7390112395872149}
{"op_code":7,"worker_id":"3b795048-ed57-4a80-b0d9-eb0751c9d1f3-22905556731712","trial_id":11,"step":18,"intermediate_value":0.544886891256299}
{"op_code":7,"worker_id":"2a24f74c-02b6-4510-8c73-c9f723c2f5d2-23005574285120","trial_id":9,"step":18,"intermediate_value":0.5653286429873684}
{"op_code":7,"worker_id":"063781cb-b73b-4f6c-acee-45bf76159de2-23053214476096","trial_id":12,"step":18,"intermediate_value":0.5627860311876264}
{"op_code":7,"worker_id":"c77da148-813a-4e08-95f5-f80fe474fc1a-22640319825728","trial_id":13,"step":1,"intermediate_value":0.6621860108877483}
{"op_code":7,"worker_id":"3b795048-ed57-4a80-b0d9-eb0751c9d1f3-22905556731712","trial_id":11,"step":19,"intermediate_value":0.5392069555165475}
{"op_code":7,"worker_id":"2a24f74c-02b6-4510-8c73-c9f723c2f5d2-23005574285120","trial_id":9,"step":19,"intermediate_value":0.5599779204318398}
{"op_code":7,"worker_id":"063781cb-b73b-4f6c-acee-45bf76159de2-23053214476096","trial_id":12,"step":19,"intermediate_value":0.5572676742286012}
{"op_code":7,"worker_id":"c77da148-813a-4e08-95f5-f80fe474fc1a-22640319825728","trial_id":13,"step":2,"intermediate_value":0.6511037799350002}
{"op_code":7,"worker_id":"3b795048-ed57-4a80-b0d9-eb0751c9d1f3-22905556731712","trial_id":11,"step":20,"intermediate_value":0.5352402099391871}
{"op_code":7,"worker_id":"2a24f74c-02b6-4510-8c73-c9f723c2f5d2-23005574285120","trial_id":9,"step":20,"intermediate_value":0.5551410286050094}
{"op_code":7,"worker_id":"063781cb-b73b-4f6c-acee-45bf76159de2-23053214476096","trial_id":12,"step":20,"intermediate_value":0.5513453514952409}
{"op_code":7,"worker_id":"c77da148-813a-4e08-95f5-f80fe474fc1a-22640319825728","trial_id":13,"step":3,"intermediate_value":0.6681960601555673}
{"op_code":7,"worker_id":"3b795048-ed57-4a80-b0d9-eb0751c9d1f3-22905556731712","trial_id":11,"step":21,"intermediate_value":0.5302735195870985}
{"op_code":7,"worker_id":"2a24f74c-02b6-4510-8c73-c9f723c2f5d2-23005574285120","trial_id":9,"step":21,"intermediate_value":0.5537288251676058}
{"op_code":7,"worker_id":"063781cb-b73b-4f6c-acee-45bf76159de2-23053214476096","trial_id":12,"step":21,"intermediate_value":0.5501109267535963}
{"op_code":7,"worker_id":"c77da148-813a-4e08-95f5-f80fe474fc1a-22640319825728","trial_id":13,"step":4,"intermediate_value":0.6955136761330721}
{"op_code":7,"worker_id":"3b795048-ed57-4a80-b0d9-eb0751c9d1f3-22905556731712","trial_id":11,"step":22,"intermediate_value":0.5188013838048566}
{"op_code":7,"worker_id":"2a24f74c-02b6-4510-8c73-c9f723c2f5d2-23005574285120","trial_id":9,"step":22,"intermediate_value":0.5505665823032981}
{"op_code":7,"worker_id":"063781cb-b73b-4f6c-acee-45bf76159de2-23053214476096","trial_id":12,"step":22,"intermediate_value":0.5401146265498379}
{"op_code":7,"worker_id":"c77da148-813a-4e08-95f5-f80fe474fc1a-22640319825728","trial_id":13,"step":5,"intermediate_value":0.6743448251172116}
{"op_code":7,"worker_id":"3b795048-ed57-4a80-b0d9-eb0751c9d1f3-22905556731712","trial_id":11,"step":23,"intermediate_value":0.5149166008882355}
{"op_code":7,"worker_id":"2a24f74c-02b6-4510-8c73-c9f723c2f5d2-23005574285120","trial_id":9,"step":23,"intermediate_value":0.5513889026223567}
{"op_code":7,"worker_id":"063781cb-b73b-4f6c-acee-45bf76159de2-23053214476096","trial_id":12,"step":23,"intermediate_value":0.5378616331962117}
{"op_code":7,"worker_id":"c77da148-813a-4e08-95f5-f80fe474fc1a-22640319825728","trial_id":13,"step":6,"intermediate_value":0.6744559553631565}
{"op_code":7,"worker_id":"3b795048-ed57-4a80-b0d9-eb0751c9d1f3-22905556731712","trial_id":11,"step":24,"intermediate_value":0.5087477156990453}
{"op_code":7,"worker_id":"2a24f74c-02b6-4510-8c73-c9f723c2f5d2-23005574285120","trial_id":9,"step":24,"intermediate_value":0.5462237899763542}
{"op_code":7,"worker_id":"063781cb-b73b-4f6c-acee-45bf76159de2-23053214476096","trial_id":12,"step":24,"intermediate_value":0.5302829407809073}
{"op_code":7,"worker_id":"c77da148-813a-4e08-95f5-f80fe474fc1a-22640319825728","trial_id":13,"step":7,"intermediate_value":0.6729008053478441}
{"op_code":7,"worker_id":"3b795048-ed57-4a80-b0d9-eb0751c9d1f3-22905556731712","trial_id":11,"step":25,"intermediate_value":0.5012751096173337}
{"op_code":7,"worker_id":"2a24f74c-02b6-4510-8c73-c9f723c2f5d2-23005574285120","trial_id":9,"step":25,"intermediate_value":0.5465062323369478}
{"op_code":6,"worker_id":"2a24f74c-02b6-4510-8c73-c9f723c2f5d2-23005574285120","trial_id":9,"state":2,"values":[0.5465062323369478],"datetime_complete":"2026-04-22T10:35:35.361563"}
{"op_code":7,"worker_id":"063781cb-b73b-4f6c-acee-45bf76159de2-23053214476096","trial_id":12,"step":25,"intermediate_value":0.5270576717560751}
{"op_code":7,"worker_id":"c77da148-813a-4e08-95f5-f80fe474fc1a-22640319825728","trial_id":13,"step":8,"intermediate_value":0.6519243560339275}
{"op_code":7,"worker_id":"3b795048-ed57-4a80-b0d9-eb0751c9d1f3-22905556731712","trial_id":11,"step":26,"intermediate_value":0.4949651093859422}
{"op_code":7,"worker_id":"063781cb-b73b-4f6c-acee-45bf76159de2-23053214476096","trial_id":12,"step":26,"intermediate_value":0.5207501717826777}
{"op_code":7,"worker_id":"c77da148-813a-4e08-95f5-f80fe474fc1a-22640319825728","trial_id":13,"step":9,"intermediate_value":0.6372177987767939}
{"op_code":7,"worker_id":"3b795048-ed57-4a80-b0d9-eb0751c9d1f3-22905556731712","trial_id":11,"step":27,"intermediate_value":0.48865738092807304}
{"op_code":7,"worker_id":"063781cb-b73b-4f6c-acee-45bf76159de2-23053214476096","trial_id":12,"step":27,"intermediate_value":0.5167372336513117}
{"op_code":7,"worker_id":"c77da148-813a-4e08-95f5-f80fe474fc1a-22640319825728","trial_id":13,"step":10,"intermediate_value":0.6178045910701417}
{"op_code":7,"worker_id":"3b795048-ed57-4a80-b0d9-eb0751c9d1f3-22905556731712","trial_id":11,"step":28,"intermediate_value":0.48164758138489305}
{"op_code":7,"worker_id":"063781cb-b73b-4f6c-acee-45bf76159de2-23053214476096","trial_id":12,"step":28,"intermediate_value":0.5147333552962855}
{"op_code":7,"worker_id":"c77da148-813a-4e08-95f5-f80fe474fc1a-22640319825728","trial_id":13,"step":11,"intermediate_value":0.6047644165524265}
{"op_code":7,"worker_id":"3b795048-ed57-4a80-b0d9-eb0751c9d1f3-22905556731712","trial_id":11,"step":29,"intermediate_value":0.4773230401047489}
{"op_code":7,"worker_id":"063781cb-b73b-4f6c-acee-45bf76159de2-23053214476096","trial_id":12,"step":29,"intermediate_value":0.5042323130264617}
{"op_code":7,"worker_id":"c77da148-813a-4e08-95f5-f80fe474fc1a-22640319825728","trial_id":13,"step":12,"intermediate_value":0.5947533009345072}
{"op_code":7,"worker_id":"3b795048-ed57-4a80-b0d9-eb0751c9d1f3-22905556731712","trial_id":11,"step":30,"intermediate_value":0.4716419080893199}
{"op_code":7,"worker_id":"063781cb-b73b-4f6c-acee-45bf76159de2-23053214476096","trial_id":12,"step":30,"intermediate_value":0.5032388562696022}
{"op_code":7,"worker_id":"c77da148-813a-4e08-95f5-f80fe474fc1a-22640319825728","trial_id":13,"step":13,"intermediate_value":0.5849466166998211}
{"op_code":7,"worker_id":"3b795048-ed57-4a80-b0d9-eb0751c9d1f3-22905556731712","trial_id":11,"step":31,"intermediate_value":0.46502583539276793}
{"op_code":7,"worker_id":"063781cb-b73b-4f6c-acee-45bf76159de2-23053214476096","trial_id":12,"step":31,"intermediate_value":0.4963203767935435}
{"op_code":7,"worker_id":"c77da148-813a-4e08-95f5-f80fe474fc1a-22640319825728","trial_id":13,"step":14,"intermediate_value":0.5808498106504741}
{"op_code":7,"worker_id":"3b795048-ed57-4a80-b0d9-eb0751c9d1f3-22905556731712","trial_id":11,"step":32,"intermediate_value":0.4621575636821881}
{"op_code":7,"worker_id":"063781cb-b73b-4f6c-acee-45bf76159de2-23053214476096","trial_id":12,"step":32,"intermediate_value":0.4906110528268312}
{"op_code":7,"worker_id":"c77da148-813a-4e08-95f5-f80fe474fc1a-22640319825728","trial_id":13,"step":15,"intermediate_value":0.5764856275759245}
{"op_code":7,"worker_id":"3b795048-ed57-4a80-b0d9-eb0751c9d1f3-22905556731712","trial_id":11,"step":33,"intermediate_value":0.4555665479417433}
{"op_code":7,"worker_id":"063781cb-b73b-4f6c-acee-45bf76159de2-23053214476096","trial_id":12,"step":33,"intermediate_value":0.4851357769547847}
{"op_code":7,"worker_id":"c77da148-813a-4e08-95f5-f80fe474fc1a-22640319825728","trial_id":13,"step":16,"intermediate_value":0.5677168264723661}
{"op_code":7,"worker_id":"3b795048-ed57-4a80-b0d9-eb0751c9d1f3-22905556731712","trial_id":11,"step":34,"intermediate_value":0.4518683380202243}
{"op_code":7,"worker_id":"063781cb-b73b-4f6c-acee-45bf76159de2-23053214476096","trial_id":12,"step":34,"intermediate_value":0.47984998320278366}
{"op_code":7,"worker_id":"c77da148-813a-4e08-95f5-f80fe474fc1a-22640319825728","trial_id":13,"step":17,"intermediate_value":0.5638420853698463}
{"op_code":7,"worker_id":"3b795048-ed57-4a80-b0d9-eb0751c9d1f3-22905556731712","trial_id":11,"step":35,"intermediate_value":0.449422615139108}
{"op_code":7,"worker_id":"063781cb-b73b-4f6c-acee-45bf76159de2-23053214476096","trial_id":12,"step":35,"intermediate_value":0.47398134438615097}
{"op_code":7,"worker_id":"c77da148-813a-4e08-95f5-f80fe474fc1a-22640319825728","trial_id":13,"step":18,"intermediate_value":0.5569858509197569}
{"op_code":7,"worker_id":"3b795048-ed57-4a80-b0d9-eb0751c9d1f3-22905556731712","trial_id":11,"step":36,"intermediate_value":0.4447703764104007}
{"op_code":7,"worker_id":"063781cb-b73b-4f6c-acee-45bf76159de2-23053214476096","trial_id":12,"step":36,"intermediate_value":0.4718573684232277}
{"op_code":7,"worker_id":"c77da148-813a-4e08-95f5-f80fe474fc1a-22640319825728","trial_id":13,"step":19,"intermediate_value":0.5529054225536815}
{"op_code":7,"worker_id":"3b795048-ed57-4a80-b0d9-eb0751c9d1f3-22905556731712","trial_id":11,"step":37,"intermediate_value":0.4430028022381297}
{"op_code":7,"worker_id":"063781cb-b73b-4f6c-acee-45bf76159de2-23053214476096","trial_id":12,"step":37,"intermediate_value":0.4657149482191655}
{"op_code":7,"worker_id":"c77da148-813a-4e08-95f5-f80fe474fc1a-22640319825728","trial_id":13,"step":20,"intermediate_value":0.5488586540807757}
{"op_code":7,"worker_id":"3b795048-ed57-4a80-b0d9-eb0751c9d1f3-22905556731712","trial_id":11,"step":38,"intermediate_value":0.4376190487752881}
{"op_code":7,"worker_id":"063781cb-b73b-4f6c-acee-45bf76159de2-23053214476096","trial_id":12,"step":38,"intermediate_value":0.4621338227338958}
{"op_code":7,"worker_id":"c77da148-813a-4e08-95f5-f80fe474fc1a-22640319825728","trial_id":13,"step":21,"intermediate_value":0.543309281792557}
{"op_code":7,"worker_id":"3b795048-ed57-4a80-b0d9-eb0751c9d1f3-22905556731712","trial_id":11,"step":39,"intermediate_value":0.4361601393473776}
{"op_code":7,"worker_id":"063781cb-b73b-4f6c-acee-45bf76159de2-23053214476096","trial_id":12,"step":39,"intermediate_value":0.4617876839219478}
{"op_code":7,"worker_id":"c77da148-813a-4e08-95f5-f80fe474fc1a-22640319825728","trial_id":13,"step":22,"intermediate_value":0.5457672670222166}
{"op_code":7,"worker_id":"3b795048-ed57-4a80-b0d9-eb0751c9d1f3-22905556731712","trial_id":11,"step":40,"intermediate_value":0.42869426859052556}
{"op_code":7,"worker_id":"063781cb-b73b-4f6c-acee-45bf76159de2-23053214476096","trial_id":12,"step":40,"intermediate_value":0.4560036627869857}
{"op_code":7,"worker_id":"c77da148-813a-4e08-95f5-f80fe474fc1a-22640319825728","trial_id":13,"step":23,"intermediate_value":0.5350719517783115}
{"op_code":7,"worker_id":"3b795048-ed57-4a80-b0d9-eb0751c9d1f3-22905556731712","trial_id":11,"step":41,"intermediate_value":0.42882202382673296}
{"op_code":7,"worker_id":"063781cb-b73b-4f6c-acee-45bf76159de2-23053214476096","trial_id":12,"step":41,"intermediate_value":0.453848951218421}
{"op_code":7,"worker_id":"c77da148-813a-4e08-95f5-f80fe474fc1a-22640319825728","trial_id":13,"step":24,"intermediate_value":0.5323437007895687}
{"op_code":7,"worker_id":"3b795048-ed57-4a80-b0d9-eb0751c9d1f3-22905556731712","trial_id":11,"step":42,"intermediate_value":0.425724234497338}
{"op_code":7,"worker_id":"063781cb-b73b-4f6c-acee-45bf76159de2-23053214476096","trial_id":12,"step":42,"intermediate_value":0.4467916608902446}
{"op_code":7,"worker_id":"c77da148-813a-4e08-95f5-f80fe474fc1a-22640319825728","trial_id":13,"step":25,"intermediate_value":0.5325962603092194}
{"op_code":7,"worker_id":"3b795048-ed57-4a80-b0d9-eb0751c9d1f3-22905556731712","trial_id":11,"step":43,"intermediate_value":0.4244752123690488}
{"op_code":7,"worker_id":"063781cb-b73b-4f6c-acee-45bf76159de2-23053214476096","trial_id":12,"step":43,"intermediate_value":0.4449889173633174}
{"op_code":7,"worker_id":"c77da148-813a-4e08-95f5-f80fe474fc1a-22640319825728","trial_id":13,"step":26,"intermediate_value":0.5250453875775922}
{"op_code":7,"worker_id":"3b795048-ed57-4a80-b0d9-eb0751c9d1f3-22905556731712","trial_id":11,"step":44,"intermediate_value":0.41684840331997786}
{"op_code":7,"worker_id":"063781cb-b73b-4f6c-acee-45bf76159de2-23053214476096","trial_id":12,"step":44,"intermediate_value":0.4420259981824641}
{"op_code":7,"worker_id":"c77da148-813a-4e08-95f5-f80fe474fc1a-22640319825728","trial_id":13,"step":27,"intermediate_value":0.5194894472757975}
{"op_code":7,"worker_id":"3b795048-ed57-4a80-b0d9-eb0751c9d1f3-22905556731712","trial_id":11,"step":45,"intermediate_value":0.41223464304940743}
{"op_code":7,"worker_id":"063781cb-b73b-4f6c-acee-45bf76159de2-23053214476096","trial_id":12,"step":45,"intermediate_value":0.44500157916755007}
{"op_code":7,"worker_id":"c77da148-813a-4e08-95f5-f80fe474fc1a-22640319825728","trial_id":13,"step":28,"intermediate_value":0.5133193710394073}
{"op_code":7,"worker_id":"3b795048-ed57-4a80-b0d9-eb0751c9d1f3-22905556731712","trial_id":11,"step":46,"intermediate_value":0.4109438626389754}
{"op_code":7,"worker_id":"063781cb-b73b-4f6c-acee-45bf76159de2-23053214476096","trial_id":12,"step":46,"intermediate_value":0.4407220054091069}
{"op_code":7,"worker_id":"c77da148-813a-4e08-95f5-f80fe474fc1a-22640319825728","trial_id":13,"step":29,"intermediate_value":0.5107343003415225}
{"op_code":7,"worker_id":"3b795048-ed57-4a80-b0d9-eb0751c9d1f3-22905556731712","trial_id":11,"step":47,"intermediate_value":0.40669164741248415}
{"op_code":7,"worker_id":"063781cb-b73b-4f6c-acee-45bf76159de2-23053214476096","trial_id":12,"step":47,"intermediate_value":0.435523777154454}
{"op_code":7,"worker_id":"c77da148-813a-4e08-95f5-f80fe474fc1a-22640319825728","trial_id":13,"step":30,"intermediate_value":0.5047136351727602}
{"op_code":7,"worker_id":"3b795048-ed57-4a80-b0d9-eb0751c9d1f3-22905556731712","trial_id":11,"step":48,"intermediate_value":0.4154807250750692}
{"op_code":7,"worker_id":"063781cb-b73b-4f6c-acee-45bf76159de2-23053214476096","trial_id":12,"step":48,"intermediate_value":0.4342152758648521}
{"op_code":7,"worker_id":"c77da148-813a-4e08-95f5-f80fe474fc1a-22640319825728","trial_id":13,"step":31,"intermediate_value":0.49976583531028346}
{"op_code":7,"worker_id":"3b795048-ed57-4a80-b0d9-eb0751c9d1f3-22905556731712","trial_id":11,"step":49,"intermediate_value":0.4104384382565816}
{"op_code":7,"worker_id":"063781cb-b73b-4f6c-acee-45bf76159de2-23053214476096","trial_id":12,"step":49,"intermediate_value":0.4307606722179212}
{"op_code":7,"worker_id":"c77da148-813a-4e08-95f5-f80fe474fc1a-22640319825728","trial_id":13,"step":32,"intermediate_value":0.4932691177778077}
{"op_code":7,"worker_id":"3b795048-ed57-4a80-b0d9-eb0751c9d1f3-22905556731712","trial_id":11,"step":50,"intermediate_value":0.4056819802836368}
{"op_code":7,"worker_id":"063781cb-b73b-4f6c-acee-45bf76159de2-23053214476096","trial_id":12,"step":50,"intermediate_value":0.42949371954850984}
{"op_code":7,"worker_id":"c77da148-813a-4e08-95f5-f80fe474fc1a-22640319825728","trial_id":13,"step":33,"intermediate_value":0.491150099457356}
{"op_code":7,"worker_id":"3b795048-ed57-4a80-b0d9-eb0751c9d1f3-22905556731712","trial_id":11,"step":51,"intermediate_value":0.40250525662773534}
{"op_code":7,"worker_id":"063781cb-b73b-4f6c-acee-45bf76159de2-23053214476096","trial_id":12,"step":51,"intermediate_value":0.4312625448954733}
{"op_code":7,"worker_id":"c77da148-813a-4e08-95f5-f80fe474fc1a-22640319825728","trial_id":13,"step":34,"intermediate_value":0.4890822360390111}
{"op_code":7,"worker_id":"3b795048-ed57-4a80-b0d9-eb0751c9d1f3-22905556731712","trial_id":11,"step":52,"intermediate_value":0.39923225683078434}
{"op_code":7,"worker_id":"063781cb-b73b-4f6c-acee-45bf76159de2-23053214476096","trial_id":12,"step":52,"intermediate_value":0.42738042745673865}
{"op_code":7,"worker_id":"c77da148-813a-4e08-95f5-f80fe474fc1a-22640319825728","trial_id":13,"step":35,"intermediate_value":0.48305532179380717}
{"op_code":7,"worker_id":"3b795048-ed57-4a80-b0d9-eb0751c9d1f3-22905556731712","trial_id":11,"step":53,"intermediate_value":0.3985256672951213}
{"op_code":7,"worker_id":"063781cb-b73b-4f6c-acee-45bf76159de2-23053214476096","trial_id":12,"step":53,"intermediate_value":0.42524909398011995}
{"op_code":7,"worker_id":"c77da148-813a-4e08-95f5-f80fe474fc1a-22640319825728","trial_id":13,"step":36,"intermediate_value":0.4824478882446624}
{"op_code":7,"worker_id":"3b795048-ed57-4a80-b0d9-eb0751c9d1f3-22905556731712","trial_id":11,"step":54,"intermediate_value":0.3961254342606193}
{"op_code":7,"worker_id":"063781cb-b73b-4f6c-acee-45bf76159de2-23053214476096","trial_id":12,"step":54,"intermediate_value":0.42092316715340866}
{"op_code":7,"worker_id":"c77da148-813a-4e08-95f5-f80fe474fc1a-22640319825728","trial_id":13,"step":37,"intermediate_value":0.4767065743605296}
{"op_code":7,"worker_id":"3b795048-ed57-4a80-b0d9-eb0751c9d1f3-22905556731712","trial_id":11,"step":55,"intermediate_value":0.39431271584410416}
{"op_code":7,"worker_id":"063781cb-b73b-4f6c-acee-45bf76159de2-23053214476096","trial_id":12,"step":55,"intermediate_value":0.4188158522572434}
{"op_code":7,"worker_id":"c77da148-813a-4e08-95f5-f80fe474fc1a-22640319825728","trial_id":13,"step":38,"intermediate_value":0.47041474465738264}
{"op_code":7,"worker_id":"3b795048-ed57-4a80-b0d9-eb0751c9d1f3-22905556731712","trial_id":11,"step":56,"intermediate_value":0.39135615762911347}
{"op_code":7,"worker_id":"063781cb-b73b-4f6c-acee-45bf76159de2-23053214476096","trial_id":12,"step":56,"intermediate_value":0.419288683878748}
{"op_code":6,"worker_id":"063781cb-b73b-4f6c-acee-45bf76159de2-23053214476096","trial_id":12,"state":2,"values":[0.419288683878748],"datetime_complete":"2026-04-22T15:42:30.150105"}
{"op_code":7,"worker_id":"c77da148-813a-4e08-95f5-f80fe474fc1a-22640319825728","trial_id":13,"step":39,"intermediate_value":0.4681522427943715}
{"op_code":7,"worker_id":"3b795048-ed57-4a80-b0d9-eb0751c9d1f3-22905556731712","trial_id":11,"step":57,"intermediate_value":0.3897126426822261}
{"op_code":7,"worker_id":"c77da148-813a-4e08-95f5-f80fe474fc1a-22640319825728","trial_id":13,"step":40,"intermediate_value":0.46429028375106945}
{"op_code":7,"worker_id":"3b795048-ed57-4a80-b0d9-eb0751c9d1f3-22905556731712","trial_id":11,"step":58,"intermediate_value":0.38680178868143184}
{"op_code":7,"worker_id":"c77da148-813a-4e08-95f5-f80fe474fc1a-22640319825728","trial_id":13,"step":41,"intermediate_value":0.4631139400758241}
{"op_code":7,"worker_id":"3b795048-ed57-4a80-b0d9-eb0751c9d1f3-22905556731712","trial_id":11,"step":59,"intermediate_value":0.3847220095626095}
{"op_code":7,"worker_id":"c77da148-813a-4e08-95f5-f80fe474fc1a-22640319825728","trial_id":13,"step":42,"intermediate_value":0.45759456513220803}
{"op_code":7,"worker_id":"3b795048-ed57-4a80-b0d9-eb0751c9d1f3-22905556731712","trial_id":11,"step":60,"intermediate_value":0.3838867456243749}
{"op_code":7,"worker_id":"c77da148-813a-4e08-95f5-f80fe474fc1a-22640319825728","trial_id":13,"step":43,"intermediate_value":0.45255903402964276}
{"op_code":7,"worker_id":"3b795048-ed57-4a80-b0d9-eb0751c9d1f3-22905556731712","trial_id":11,"step":61,"intermediate_value":0.38340770361716286}
{"op_code":7,"worker_id":"c77da148-813a-4e08-95f5-f80fe474fc1a-22640319825728","trial_id":13,"step":44,"intermediate_value":0.4498199454525061}
{"op_code":7,"worker_id":"3b795048-ed57-4a80-b0d9-eb0751c9d1f3-22905556731712","trial_id":11,"step":62,"intermediate_value":0.38224492313569053}
{"op_code":7,"worker_id":"c77da148-813a-4e08-95f5-f80fe474fc1a-22640319825728","trial_id":13,"step":45,"intermediate_value":0.4466741466731356}
{"op_code":7,"worker_id":"3b795048-ed57-4a80-b0d9-eb0751c9d1f3-22905556731712","trial_id":11,"step":63,"intermediate_value":0.3813323896182211}
{"op_code":7,"worker_id":"c77da148-813a-4e08-95f5-f80fe474fc1a-22640319825728","trial_id":13,"step":46,"intermediate_value":0.4433285986122332}
{"op_code":7,"worker_id":"3b795048-ed57-4a80-b0d9-eb0751c9d1f3-22905556731712","trial_id":11,"step":64,"intermediate_value":0.3867688346327397}
{"op_code":7,"worker_id":"c77da148-813a-4e08-95f5-f80fe474fc1a-22640319825728","trial_id":13,"step":47,"intermediate_value":0.4399458007854328}
{"op_code":7,"worker_id":"3b795048-ed57-4a80-b0d9-eb0751c9d1f3-22905556731712","trial_id":11,"step":65,"intermediate_value":0.3799967954033299}
{"op_code":7,"worker_id":"c77da148-813a-4e08-95f5-f80fe474fc1a-22640319825728","trial_id":13,"step":48,"intermediate_value":0.4404728883191159}
{"op_code":7,"worker_id":"3b795048-ed57-4a80-b0d9-eb0751c9d1f3-22905556731712","trial_id":11,"step":66,"intermediate_value":0.3802741211757325}
{"op_code":7,"worker_id":"c77da148-813a-4e08-95f5-f80fe474fc1a-22640319825728","trial_id":13,"step":49,"intermediate_value":0.4356909284466191}
{"op_code":7,"worker_id":"3b795048-ed57-4a80-b0d9-eb0751c9d1f3-22905556731712","trial_id":11,"step":67,"intermediate_value":0.3764113302816424}
{"op_code":7,"worker_id":"c77da148-813a-4e08-95f5-f80fe474fc1a-22640319825728","trial_id":13,"step":50,"intermediate_value":0.4321515288269311}
{"op_code":7,"worker_id":"3b795048-ed57-4a80-b0d9-eb0751c9d1f3-22905556731712","trial_id":11,"step":68,"intermediate_value":0.37616931398709613}
{"op_code":7,"worker_id":"c77da148-813a-4e08-95f5-f80fe474fc1a-22640319825728","trial_id":13,"step":51,"intermediate_value":0.42843367551502426}
{"op_code":7,"worker_id":"3b795048-ed57-4a80-b0d9-eb0751c9d1f3-22905556731712","trial_id":11,"step":69,"intermediate_value":0.37876359360259876}
{"op_code":7,"worker_id":"c77da148-813a-4e08-95f5-f80fe474fc1a-22640319825728","trial_id":13,"step":52,"intermediate_value":0.4263699237714734}
{"op_code":7,"worker_id":"3b795048-ed57-4a80-b0d9-eb0751c9d1f3-22905556731712","trial_id":11,"step":70,"intermediate_value":0.3753818697050998}
{"op_code":7,"worker_id":"c77da148-813a-4e08-95f5-f80fe474fc1a-22640319825728","trial_id":13,"step":53,"intermediate_value":0.42541146173811795}
{"op_code":6,"worker_id":"c77da148-813a-4e08-95f5-f80fe474fc1a-22640319825728","trial_id":13,"state":2,"values":[0.42541146173811795],"datetime_complete":"2026-04-22T18:06:07.471006"}
{"op_code":7,"worker_id":"3b795048-ed57-4a80-b0d9-eb0751c9d1f3-22905556731712","trial_id":11,"step":71,"intermediate_value":0.3737658309309106}
{"op_code":7,"worker_id":"3b795048-ed57-4a80-b0d9-eb0751c9d1f3-22905556731712","trial_id":11,"step":72,"intermediate_value":0.37281336805276705}
{"op_code":7,"worker_id":"3b795048-ed57-4a80-b0d9-eb0751c9d1f3-22905556731712","trial_id":11,"step":73,"intermediate_value":0.37246111976472956}
{"op_code":7,"worker_id":"3b795048-ed57-4a80-b0d9-eb0751c9d1f3-22905556731712","trial_id":11,"step":74,"intermediate_value":0.3696002636039466}
{"op_code":7,"worker_id":"3b795048-ed57-4a80-b0d9-eb0751c9d1f3-22905556731712","trial_id":11,"step":75,"intermediate_value":0.37282944091579373}
{"op_code":7,"worker_id":"3b795048-ed57-4a80-b0d9-eb0751c9d1f3-22905556731712","trial_id":11,"step":76,"intermediate_value":0.37213963008763495}
{"op_code":7,"worker_id":"3b795048-ed57-4a80-b0d9-eb0751c9d1f3-22905556731712","trial_id":11,"step":77,"intermediate_value":0.3709525518250047}
{"op_code":7,"worker_id":"3b795048-ed57-4a80-b0d9-eb0751c9d1f3-22905556731712","trial_id":11,"step":78,"intermediate_value":0.37100146475591156}
{"op_code":7,"worker_id":"3b795048-ed57-4a80-b0d9-eb0751c9d1f3-22905556731712","trial_id":11,"step":79,"intermediate_value":0.3678387623084219}
{"op_code":7,"worker_id":"3b795048-ed57-4a80-b0d9-eb0751c9d1f3-22905556731712","trial_id":11,"step":80,"intermediate_value":0.37022424162479867}
{"op_code":7,"worker_id":"3b795048-ed57-4a80-b0d9-eb0751c9d1f3-22905556731712","trial_id":11,"step":81,"intermediate_value":0.36647948047571016}
{"op_code":7,"worker_id":"3b795048-ed57-4a80-b0d9-eb0751c9d1f3-22905556731712","trial_id":11,"step":82,"intermediate_value":0.3666842935378091}
{"op_code":7,"worker_id":"3b795048-ed57-4a80-b0d9-eb0751c9d1f3-22905556731712","trial_id":11,"step":83,"intermediate_value":0.36576335994820847}
{"op_code":7,"worker_id":"3b795048-ed57-4a80-b0d9-eb0751c9d1f3-22905556731712","trial_id":11,"step":84,"intermediate_value":0.3662670165823217}
{"op_code":7,"worker_id":"3b795048-ed57-4a80-b0d9-eb0751c9d1f3-22905556731712","trial_id":11,"step":85,"intermediate_value":0.36494598629181846}
{"op_code":7,"worker_id":"3b795048-ed57-4a80-b0d9-eb0751c9d1f3-22905556731712","trial_id":11,"step":86,"intermediate_value":0.36535652321681644}
{"op_code":7,"worker_id":"3b795048-ed57-4a80-b0d9-eb0751c9d1f3-22905556731712","trial_id":11,"step":87,"intermediate_value":0.36504160469038444}
{"op_code":7,"worker_id":"3b795048-ed57-4a80-b0d9-eb0751c9d1f3-22905556731712","trial_id":11,"step":88,"intermediate_value":0.36584399718987315}
{"op_code":7,"worker_id":"3b795048-ed57-4a80-b0d9-eb0751c9d1f3-22905556731712","trial_id":11,"step":89,"intermediate_value":0.36510637245680155}
{"op_code":7,"worker_id":"3b795048-ed57-4a80-b0d9-eb0751c9d1f3-22905556731712","trial_id":11,"step":90,"intermediate_value":0.36069568155104653}
{"op_code":7,"worker_id":"3b795048-ed57-4a80-b0d9-eb0751c9d1f3-22905556731712","trial_id":11,"step":91,"intermediate_value":0.36111458351737574}
{"op_code":7,"worker_id":"3b795048-ed57-4a80-b0d9-eb0751c9d1f3-22905556731712","trial_id":11,"step":92,"intermediate_value":0.36048481704895957}
{"op_code":7,"worker_id":"3b795048-ed57-4a80-b0d9-eb0751c9d1f3-22905556731712","trial_id":11,"step":93,"intermediate_value":0.3582890316059715}
{"op_code":7,"worker_id":"3b795048-ed57-4a80-b0d9-eb0751c9d1f3-22905556731712","trial_id":11,"step":94,"intermediate_value":0.3584198590956236}
{"op_code":7,"worker_id":"3b795048-ed57-4a80-b0d9-eb0751c9d1f3-22905556731712","trial_id":11,"step":95,"intermediate_value":0.36067615214147064}
{"op_code":7,"worker_id":"3b795048-ed57-4a80-b0d9-eb0751c9d1f3-22905556731712","trial_id":11,"step":96,"intermediate_value":0.35947467674288835}
{"op_code":7,"worker_id":"3b795048-ed57-4a80-b0d9-eb0751c9d1f3-22905556731712","trial_id":11,"step":97,"intermediate_value":0.3594688679042615}
{"op_code":7,"worker_id":"3b795048-ed57-4a80-b0d9-eb0751c9d1f3-22905556731712","trial_id":11,"step":98,"intermediate_value":0.35782337816138016}
{"op_code":7,"worker_id":"3b795048-ed57-4a80-b0d9-eb0751c9d1f3-22905556731712","trial_id":11,"step":99,"intermediate_value":NaN}
{"op_code":6,"worker_id":"3b795048-ed57-4a80-b0d9-eb0751c9d1f3-22905556731712","trial_id":11,"state":1,"values":[-0.6735228300094604],"datetime_complete":"2026-04-22T22:46:28.781406"}
